Date,Action,Action_Name,group
2021-09-13,1,BUY,1
2021-09-14,1,BUY,1
2021-09-15,1,BUY,1
2021-09-16,0,HOLD,2
2021-09-17,0,HOLD,2
2021-09-20,0,HOLD,2
2021-09-21,1,BUY,3
2021-09-22,1,BUY,3
2021-09-23,1,BUY,3
2021-09-24,0,HOLD,4
2021-09-27,0,HOLD,4
2021-09-28,0,HOLD,4
2021-09-29,0,HOLD,4
2021-09-30,0,HOLD,4
2021-10-01,1,BUY,5
2021-10-04,1,BUY,5
2021-10-05,1,BUY,5
2021-10-06,1,BUY,5
2021-10-07,1,BUY,5
2021-10-08,1,BUY,5
2021-10-11,0,HOLD,6
2021-10-12,0,HOLD,6
2021-10-13,1,BUY,7
2021-10-14,0,HOLD,8
2021-10-15,1,BUY,9
2021-10-18,1,BUY,9
2021-10-19,1,BUY,9
2021-10-20,1,BUY,9
2021-10-21,1,BUY,9
2021-10-22,1,BUY,9
2021-10-25,0,HOLD,10
2021-10-26,0,HOLD,10
2021-10-27,2,SELL,11
2021-10-28,1,BUY,12
2021-10-29,0,HOLD,13
2021-11-01,1,BUY,14
2021-11-02,0,HOLD,15
2021-11-03,2,SELL,16
2021-11-04,1,BUY,17
2021-11-05,2,SELL,18
2021-11-08,1,BUY,19
2021-11-09,1,BUY,19
2021-11-10,1,BUY,19
2021-11-11,2,SELL,20
2021-11-12,1,BUY,21
2021-11-15,0,HOLD,22
2021-11-16,2,SELL,23
2021-11-17,1,BUY,24
2021-11-18,0,HOLD,25
2021-11-19,1,BUY,26
2021-11-22,1,BUY,26
2021-11-23,1,BUY,26
2021-11-24,1,BUY,26
2021-11-26,1,BUY,26
2021-11-29,1,BUY,26
2021-11-30,1,BUY,26
2021-12-01,1,BUY,26
2021-12-02,1,BUY,26
2021-12-03,1,BUY,26
2021-12-06,1,BUY,26
2021-12-07,1,BUY,26
2021-12-08,1,BUY,26
2021-12-09,1,BUY,26
2021-12-10,1,BUY,26
2021-12-13,1,BUY,26
2021-12-14,1,BUY,26
2021-12-15,1,BUY,26
2021-12-16,1,BUY,26
2021-12-17,1,BUY,26
2021-12-20,1,BUY,26
2021-12-21,1,BUY,26
2021-12-22,1,BUY,26
2021-12-23,1,BUY,26
2021-12-27,1,BUY,26
2021-12-28,1,BUY,26
2021-12-29,1,BUY,26
2021-12-30,1,BUY,26
2021-12-31,1,BUY,26
2022-01-03,1,BUY,26
2022-01-04,1,BUY,26
2022-01-05,1,BUY,26
2022-01-06,1,BUY,26
2022-01-07,1,BUY,26
2022-01-10,1,BUY,26
2022-01-11,1,BUY,26
2022-01-12,1,BUY,26
2022-01-13,1,BUY,26
2022-01-14,1,BUY,26
2022-01-18,1,BUY,26
2022-01-19,1,BUY,26
2022-01-20,1,BUY,26
2022-01-21,1,BUY,26
2022-01-24,1,BUY,26
2022-01-25,1,BUY,26
2022-01-26,1,BUY,26
2022-01-27,0,HOLD,27
2022-01-28,0,HOLD,27
2022-01-31,0,HOLD,27
2022-02-01,1,BUY,28
2022-02-02,0,HOLD,29
2022-02-03,0,HOLD,29
2022-02-04,0,HOLD,29
2022-02-07,0,HOLD,29
2022-02-08,1,BUY,30
2022-02-09,1,BUY,30
2022-02-10,0,HOLD,31
2022-02-11,0,HOLD,31
2022-02-14,0,HOLD,31
2022-02-15,0,HOLD,31
2022-02-16,0,HOLD,31
2022-02-17,0,HOLD,31
2022-02-18,0,HOLD,31
2022-02-22,0,HOLD,31
2022-02-23,0,HOLD,31
2022-02-24,0,HOLD,31
2022-02-25,0,HOLD,31
2022-02-28,0,HOLD,31
2022-03-01,0,HOLD,31
2022-03-02,0,HOLD,31
2022-03-03,0,HOLD,31
2022-03-04,0,HOLD,31
2022-03-07,0,HOLD,31
2022-03-08,0,HOLD,31
2022-03-09,0,HOLD,31
2022-03-10,0,HOLD,31
2022-03-11,0,HOLD,31
2022-03-14,0,HOLD,31
2022-03-15,0,HOLD,31
2022-03-16,0,HOLD,31
2022-03-17,1,BUY,32
2022-03-18,1,BUY,32
2022-03-21,1,BUY,32
2022-03-22,1,BUY,32
2022-03-23,1,BUY,32
2022-03-24,1,BUY,32
2022-03-25,1,BUY,32
2022-03-28,1,BUY,32
2022-03-29,1,BUY,32
2022-03-30,1,BUY,32
2022-03-31,1,BUY,32
2022-04-01,1,BUY,32
2022-04-04,1,BUY,32
2022-04-05,1,BUY,32
2022-04-06,1,BUY,32
2022-04-07,0,HOLD,33
2022-04-08,1,BUY,34
2022-04-11,1,BUY,34
2022-04-12,1,BUY,34
2022-04-13,2,SELL,35
2022-04-14,1,BUY,36
2022-04-18,1,BUY,36
2022-04-19,1,BUY,36
2022-04-20,1,BUY,36
2022-04-21,1,BUY,36
2022-04-22,1,BUY,36
2022-04-25,1,BUY,36
2022-04-26,1,BUY,36
2022-04-27,1,BUY,36
2022-04-28,1,BUY,36
2022-04-29,1,BUY,36
2022-05-02,1,BUY,36
2022-05-03,2,SELL,37
2022-05-04,2,SELL,37
2022-05-05,2,SELL,37
2022-05-06,0,HOLD,38
2022-05-09,1,BUY,39
2022-05-10,0,HOLD,40
2022-05-11,1,BUY,41
2022-05-12,1,BUY,41
2022-05-13,1,BUY,41
2022-05-16,0,HOLD,42
2022-05-17,0,HOLD,42
2022-05-18,0,HOLD,42
2022-05-19,2,SELL,43
2022-05-20,1,BUY,44
2022-05-23,1,BUY,44
2022-05-24,0,HOLD,45
2022-05-25,2,SELL,46
2022-05-26,2,SELL,46
2022-05-27,2,SELL,46
2022-05-31,1,BUY,47
2022-06-01,2,SELL,48
2022-06-02,1,BUY,49
2022-06-03,2,SELL,50
2022-06-06,0,HOLD,51
2022-06-07,0,HOLD,51
2022-06-08,0,HOLD,51
2022-06-09,2,SELL,52
2022-06-10,2,SELL,52
2022-06-13,0,HOLD,53
2022-06-14,0,HOLD,53
2022-06-15,0,HOLD,53
2022-06-16,2,SELL,54
2022-06-17,2,SELL,54
2022-06-21,2,SELL,54
2022-06-22,0,HOLD,55
2022-06-23,0,HOLD,55
2022-06-24,2,SELL,56
2022-06-27,2,SELL,56
2022-06-28,2,SELL,56
2022-06-29,0,HOLD,57
2022-06-30,2,SELL,58
2022-07-01,0,HOLD,59
2022-07-05,0,HOLD,59
2022-07-06,2,SELL,60
2022-07-07,0,HOLD,61
2022-07-08,0,HOLD,61
2022-07-11,0,HOLD,61
2022-07-12,2,SELL,62
2022-07-13,0,HOLD,63
2022-07-14,0,HOLD,63
2022-07-15,2,SELL,64
2022-07-18,2,SELL,64
2022-07-19,2,SELL,64
2022-07-20,2,SELL,64
2022-07-21,2,SELL,64
2022-07-22,2,SELL,64
2022-07-25,2,SELL,64
2022-07-26,2,SELL,64
2022-07-27,0,HOLD,65
2022-07-28,0,HOLD,65
2022-07-29,0,HOLD,65
2022-08-01,2,SELL,66
2022-08-02,0,HOLD,67
2022-08-03,2,SELL,68
2022-08-04,2,SELL,68
2022-08-05,2,SELL,68
2022-08-08,0,HOLD,69
2022-08-09,1,BUY,70
2022-08-10,2,SELL,71
2022-08-11,0,HOLD,72
2022-08-12,2,SELL,73
2022-08-15,0,HOLD,74
2022-08-16,2,SELL,75
2022-08-17,0,HOLD,76
2022-08-18,2,SELL,77
2022-08-19,0,HOLD,78
2022-08-22,1,BUY,79
2022-08-23,2,SELL,80
2022-08-24,0,HOLD,81
2022-08-25,0,HOLD,81
2022-08-26,0,HOLD,81
2022-08-29,2,SELL,82
2022-08-30,0,HOLD,83
2022-08-31,2,SELL,84
2022-09-01,2,SELL,84
2022-09-02,0,HOLD,85
2022-09-06,2,SELL,86
2022-09-07,2,SELL,86
2022-09-08,0,HOLD,87
2022-09-09,0,HOLD,87
2022-09-12,2,SELL,88
2022-09-13,0,HOLD,89
2022-09-14,0,HOLD,89
2022-09-15,0,HOLD,89
2022-09-16,1,BUY,90
2022-09-19,0,HOLD,91
2022-09-20,0,HOLD,91
2022-09-21,2,SELL,92
2022-09-22,0,HOLD,93
2022-09-23,0,HOLD,93
2022-09-26,0,HOLD,93
2022-09-27,2,SELL,94
2022-09-28,0,HOLD,95
2022-09-29,1,BUY,96
2022-09-30,2,SELL,97
2022-10-03,0,HOLD,98
2022-10-04,0,HOLD,98
2022-10-05,2,SELL,99
2022-10-06,2,SELL,99
2022-10-07,0,HOLD,100
2022-10-10,0,HOLD,100
2022-10-11,0,HOLD,100
2022-10-12,0,HOLD,100
2022-10-13,0,HOLD,100
2022-10-14,2,SELL,101
2022-10-17,0,HOLD,102
2022-10-18,0,HOLD,102
2022-10-19,0,HOLD,102
2022-10-20,0,HOLD,102
2022-10-21,0,HOLD,102
2022-10-24,2,SELL,103
2022-10-25,0,HOLD,104
2022-10-26,0,HOLD,104
2022-10-27,2,SELL,105
2022-10-28,0,HOLD,106
2022-10-31,0,HOLD,106
2022-11-01,0,HOLD,106
2022-11-02,2,SELL,107
2022-11-03,0,HOLD,108
2022-11-04,2,SELL,109
2022-11-07,0,HOLD,110
2022-11-08,2,SELL,111
2022-11-09,2,SELL,111
2022-11-10,0,HOLD,112
2022-11-11,0,HOLD,112
2022-11-14,0,HOLD,112
2022-11-15,0,HOLD,112
2022-11-16,2,SELL,113
2022-11-17,0,HOLD,114
2022-11-18,0,HOLD,114
2022-11-21,0,HOLD,114
2022-11-22,0,HOLD,114
2022-11-23,0,HOLD,114
2022-11-25,2,SELL,115
2022-11-28,2,SELL,115
2022-11-29,0,HOLD,116
2022-11-30,0,HOLD,116
2022-12-01,0,HOLD,116
2022-12-02,2,SELL,117
2022-12-05,2,SELL,117
2022-12-06,2,SELL,117
2022-12-07,0,HOLD,118
2022-12-08,2,SELL,119
2022-12-09,2,SELL,119
2022-12-12,0,HOLD,120
2022-12-13,1,BUY,121
2022-12-14,1,BUY,121
2022-12-15,0,HOLD,122
2022-12-16,2,SELL,123
2022-12-19,2,SELL,123
2022-12-20,2,SELL,123
2022-12-21,2,SELL,123
2022-12-22,2,SELL,123
2022-12-23,0,HOLD,124
2022-12-27,0,HOLD,124
2022-12-28,1,BUY,125
2022-12-29,2,SELL,126
2022-12-30,2,SELL,126
2023-01-03,2,SELL,126
2023-01-04,2,SELL,126
2023-01-05,2,SELL,126
2023-01-06,2,SELL,126
2023-01-09,2,SELL,126
2023-01-10,2,SELL,126
2023-01-11,2,SELL,126
2023-01-12,2,SELL,126
2023-01-13,2,SELL,126
2023-01-17,2,SELL,126
2023-01-18,2,SELL,126
2023-01-19,2,SELL,126
2023-01-20,2,SELL,126
2023-01-23,2,SELL,126
2023-01-24,2,SELL,126
2023-01-25,2,SELL,126
2023-01-26,2,SELL,126
2023-01-27,2,SELL,126
2023-01-30,2,SELL,126
2023-01-31,2,SELL,126
2023-02-01,2,SELL,126
2023-02-02,1,BUY,127
2023-02-03,1,BUY,127
2023-02-06,1,BUY,127
2023-02-07,1,BUY,127
2023-02-08,1,BUY,127
2023-02-09,2,SELL,128
2023-02-10,0,HOLD,129
2023-02-13,1,BUY,130
2023-02-14,2,SELL,131
2023-02-15,1,BUY,132
2023-02-16,2,SELL,133
2023-02-17,2,SELL,133
2023-02-21,1,BUY,134
2023-02-22,2,SELL,135
2023-02-23,2,SELL,135
2023-02-24,2,SELL,135
2023-02-27,2,SELL,135
2023-02-28,2,SELL,135
2023-03-01,2,SELL,135
2023-03-02,2,SELL,135
2023-03-03,2,SELL,135
2023-03-06,1,BUY,136
2023-03-07,2,SELL,137
2023-03-08,2,SELL,137
2023-03-09,2,SELL,137
2023-03-10,2,SELL,137
2023-03-13,1,BUY,138
2023-03-14,0,HOLD,139
2023-03-15,2,SELL,140
2023-03-16,0,HOLD,141
2023-03-17,1,BUY,142
2023-03-20,1,BUY,142
2023-03-21,1,BUY,142
2023-03-22,0,HOLD,143
2023-03-23,1,BUY,144
2023-03-24,1,BUY,144
2023-03-27,1,BUY,144
2023-03-28,1,BUY,144
2023-03-29,1,BUY,144
2023-03-30,1,BUY,144
2023-03-31,0,HOLD,145
2023-04-03,1,BUY,146
2023-04-04,0,HOLD,147
2023-04-05,1,BUY,148
2023-04-06,1,BUY,148
2023-04-10,0,HOLD,149
2023-04-11,0,HOLD,149
2023-04-12,0,HOLD,149
2023-04-13,2,SELL,150
2023-04-14,0,HOLD,151
2023-04-17,0,HOLD,151
2023-04-18,0,HOLD,151
2023-04-19,0,HOLD,151
2023-04-20,2,SELL,152
2023-04-21,0,HOLD,153
2023-04-24,0,HOLD,153
2023-04-25,0,HOLD,153
2023-04-26,0,HOLD,153
2023-04-27,0,HOLD,153
2023-04-28,0,HOLD,153
2023-05-01,0,HOLD,153
2023-05-02,2,SELL,154
2023-05-03,0,HOLD,155
2023-05-04,0,HOLD,155
2023-05-05,0,HOLD,155
2023-05-08,0,HOLD,155
2023-05-09,0,HOLD,155
2023-05-10,0,HOLD,155
2023-05-11,0,HOLD,155
2023-05-12,0,HOLD,155
2023-05-15,0,HOLD,155
2023-05-16,0,HOLD,155
2023-05-17,0,HOLD,155
2023-05-18,0,HOLD,155
2023-05-19,0,HOLD,155
2023-05-22,0,HOLD,155
2023-05-23,0,HOLD,155
2023-05-24,0,HOLD,155
2023-05-25,0,HOLD,155
2023-05-26,0,HOLD,155
2023-05-30,0,HOLD,155
2023-05-31,0,HOLD,155
2023-06-01,0,HOLD,155
2023-06-02,0,HOLD,155
2023-06-05,0,HOLD,155
2023-06-06,0,HOLD,155
2023-06-07,0,HOLD,155
2023-06-08,0,HOLD,155
2023-06-09,0,HOLD,155
2023-06-12,2,SELL,156
2023-06-13,2,SELL,156
2023-06-14,0,HOLD,157
2023-06-15,0,HOLD,157
2023-06-16,0,HOLD,157
2023-06-20,0,HOLD,157
2023-06-21,0,HOLD,157
2023-06-22,0,HOLD,157
2023-06-23,0,HOLD,157
2023-06-26,0,HOLD,157
2023-06-27,0,HOLD,157
2023-06-28,0,HOLD,157
2023-06-29,0,HOLD,157
2023-06-30,0,HOLD,157
2023-07-03,0,HOLD,157
2023-07-05,0,HOLD,157
2023-07-06,0,HOLD,157
2023-07-07,0,HOLD,157
2023-07-10,0,HOLD,157
2023-07-11,0,HOLD,157
2023-07-12,0,HOLD,157
2023-07-13,0,HOLD,157
2023-07-14,0,HOLD,157
2023-07-17,0,HOLD,157
2023-07-18,0,HOLD,157
2023-07-19,0,HOLD,157
2023-07-20,0,HOLD,157
2023-07-21,0,HOLD,157
2023-07-24,0,HOLD,157
2023-07-25,0,HOLD,157
2023-07-26,0,HOLD,157
2023-07-27,0,HOLD,157
2023-07-28,0,HOLD,157
2023-07-31,0,HOLD,157
2023-08-01,0,HOLD,157
2023-08-02,0,HOLD,157
2023-08-03,0,HOLD,157
2023-08-04,0,HOLD,157
2023-08-07,0,HOLD,157
2023-08-08,0,HOLD,157
2023-08-09,0,HOLD,157
2023-08-10,0,HOLD,157
2023-08-11,0,HOLD,157
2023-08-14,0,HOLD,157
2023-08-15,0,HOLD,157
2023-08-16,0,HOLD,157
2023-08-17,0,HOLD,157
2023-08-18,0,HOLD,157
2023-08-21,0,HOLD,157
2023-08-22,0,HOLD,157
2023-08-23,0,HOLD,157
2023-08-24,0,HOLD,157
2023-08-25,0,HOLD,157
2023-08-28,0,HOLD,157
2023-08-29,0,HOLD,157
2023-08-30,0,HOLD,157
2023-08-31,0,HOLD,157
2023-09-01,0,HOLD,157
2023-09-05,0,HOLD,157
2023-09-06,0,HOLD,157
2023-09-07,0,HOLD,157
2023-09-08,0,HOLD,157
2023-09-11,0,HOLD,157
2023-09-12,0,HOLD,157
2023-09-13,0,HOLD,157
2023-09-14,0,HOLD,157
2023-09-15,0,HOLD,157
2023-09-18,0,HOLD,157
2023-09-19,0,HOLD,157
2023-09-20,0,HOLD,157
2023-09-21,0,HOLD,157
2023-09-22,0,HOLD,157
2023-09-25,0,HOLD,157
2023-09-26,0,HOLD,157
2023-09-27,0,HOLD,157
2023-09-28,0,HOLD,157
2023-09-29,0,HOLD,157
2023-10-02,0,HOLD,157
2023-10-03,0,HOLD,157
2023-10-04,0,HOLD,157
2023-10-05,0,HOLD,157
2023-10-06,0,HOLD,157
2023-10-09,0,HOLD,157
2023-10-10,0,HOLD,157
2023-10-11,0,HOLD,157
2023-10-12,0,HOLD,157
2023-10-13,0,HOLD,157
2023-10-16,0,HOLD,157
2023-10-17,0,HOLD,157
2023-10-18,0,HOLD,157
2023-10-19,0,HOLD,157
2023-10-20,0,HOLD,157
2023-10-23,0,HOLD,157
2023-10-24,0,HOLD,157
2023-10-25,0,HOLD,157
2023-10-26,0,HOLD,157
2023-10-27,0,HOLD,157
2023-10-30,0,HOLD,157
2023-10-31,0,HOLD,157
2023-11-01,0,HOLD,157
2023-11-02,0,HOLD,157
2023-11-03,0,HOLD,157
2023-11-06,0,HOLD,157
2023-11-07,0,HOLD,157
2023-11-08,0,HOLD,157
2023-11-09,0,HOLD,157
2023-11-10,0,HOLD,157
2023-11-13,0,HOLD,157
2023-11-14,0,HOLD,157
2023-11-15,0,HOLD,157
2023-11-16,2,SELL,158
2023-11-17,0,HOLD,159
2023-11-20,2,SELL,160
2023-11-21,2,SELL,160
2023-11-22,2,SELL,160
2023-11-24,2,SELL,160
2023-11-27,2,SELL,160
2023-11-28,2,SELL,160
2023-11-29,2,SELL,160
2023-11-30,2,SELL,160
2023-12-01,2,SELL,160
2023-12-04,2,SELL,160
2023-12-05,2,SELL,160
2023-12-06,2,SELL,160
2023-12-07,2,SELL,160
2023-12-08,2,SELL,160
2023-12-11,2,SELL,160
2023-12-12,2,SELL,160
2023-12-13,2,SELL,160
2023-12-14,2,SELL,160
2023-12-15,0,HOLD,161
2023-12-18,2,SELL,162
2023-12-19,2,SELL,162
2023-12-20,2,SELL,162
2023-12-21,2,SELL,162
2023-12-22,2,SELL,162
2023-12-26,2,SELL,162
2023-12-27,2,SELL,162
2023-12-28,2,SELL,162
2023-12-29,2,SELL,162
2024-01-02,2,SELL,162
2024-01-03,0,HOLD,163
2024-01-04,2,SELL,164
2024-01-05,2,SELL,164
2024-01-08,0,HOLD,165
2024-01-09,2,SELL,166
2024-01-10,2,SELL,166
2024-01-11,0,HOLD,167
2024-01-12,0,HOLD,167
2024-01-16,0,HOLD,167
2024-01-17,2,SELL,168
2024-01-18,0,HOLD,169
2024-01-19,2,SELL,170
2024-01-22,0,HOLD,171
2024-01-23,0,HOLD,171
2024-01-24,0,HOLD,171
2024-01-25,2,SELL,172
2024-01-26,2,SELL,172
2024-01-29,2,SELL,172
2024-01-30,0,HOLD,173
2024-01-31,2,SELL,174
2024-02-01,2,SELL,174
2024-02-02,2,SELL,174
2024-02-05,2,SELL,174
2024-02-06,2,SELL,174
2024-02-07,2,SELL,174
2024-02-08,2,SELL,174
2024-02-09,0,HOLD,175
2024-02-12,2,SELL,176
2024-02-13,0,HOLD,177
2024-02-14,0,HOLD,177
2024-02-15,2,SELL,178
2024-02-16,2,SELL,178
2024-02-20,2,SELL,178
2024-02-21,0,HOLD,179
2024-02-22,2,SELL,180
2024-02-23,2,SELL,180
2024-02-26,2,SELL,180
2024-02-27,1,BUY,181
2024-02-28,0,HOLD,182
2024-02-29,1,BUY,183
2024-03-01,0,HOLD,184
2024-03-04,1,BUY,185
2024-03-05,2,SELL,186
2024-03-06,0,HOLD,187
2024-03-07,1,BUY,188
2024-03-08,0,HOLD,189
2024-03-11,1,BUY,190
2024-03-12,1,BUY,190
2024-03-13,0,HOLD,191
2024-03-14,1,BUY,192
2024-03-15,0,HOLD,193
2024-03-18,0,HOLD,193
2024-03-19,0,HOLD,193
2024-03-20,0,HOLD,193
2024-03-21,0,HOLD,193
2024-03-22,0,HOLD,193
2024-03-25,0,HOLD,193
2024-03-26,0,HOLD,193
2024-03-27,0,HOLD,193
2024-03-28,0,HOLD,193
2024-04-01,0,HOLD,193
2024-04-02,0,HOLD,193
2024-04-03,0,HOLD,193
2024-04-04,0,HOLD,193
2024-04-05,0,HOLD,193
2024-04-08,0,HOLD,193
2024-04-09,0,HOLD,193
2024-04-10,0,HOLD,193
2024-04-11,0,HOLD,193
2024-04-12,0,HOLD,193
2024-04-15,0,HOLD,193
2024-04-16,0,HOLD,193
2024-04-17,0,HOLD,193
2024-04-18,0,HOLD,193
2024-04-19,0,HOLD,193
2024-04-22,0,HOLD,193
2024-04-23,0,HOLD,193
2024-04-24,0,HOLD,193
2024-04-25,0,HOLD,193
2024-04-26,0,HOLD,193
2024-04-29,0,HOLD,193
2024-04-30,0,HOLD,193
2024-05-01,0,HOLD,193
2024-05-02,0,HOLD,193
2024-05-03,0,HOLD,193
2024-05-06,0,HOLD,193
2024-05-07,0,HOLD,193
2024-05-08,0,HOLD,193
2024-05-09,0,HOLD,193
2024-05-10,0,HOLD,193
2024-05-13,0,HOLD,193
2024-05-14,0,HOLD,193
2024-05-15,0,HOLD,193
2024-05-16,0,HOLD,193
2024-05-17,0,HOLD,193
2024-05-20,0,HOLD,193
2024-05-21,0,HOLD,193
2024-05-22,0,HOLD,193
2024-05-23,0,HOLD,193
2024-05-24,0,HOLD,193
2024-05-28,0,HOLD,193
2024-05-29,0,HOLD,193
2024-05-30,0,HOLD,193
2024-05-31,0,HOLD,193
2024-06-03,0,HOLD,193
2024-06-04,0,HOLD,193
2024-06-05,0,HOLD,193
2024-06-06,0,HOLD,193
2024-06-07,0,HOLD,193
2024-06-10,0,HOLD,193
2024-06-11,0,HOLD,193
2024-06-12,0,HOLD,193
2024-06-13,0,HOLD,193
2024-06-14,0,HOLD,193
2024-06-17,0,HOLD,193
2024-06-18,0,HOLD,193
2024-06-20,0,HOLD,193
2024-06-21,0,HOLD,193
2024-06-24,0,HOLD,193
2024-06-25,0,HOLD,193
2024-06-26,2,SELL,194
2024-06-27,0,HOLD,195
2024-06-28,0,HOLD,195
2024-07-01,0,HOLD,195
2024-07-02,2,SELL,196
2024-07-03,2,SELL,196
2024-07-05,0,HOLD,197
2024-07-08,0,HOLD,197
2024-07-09,2,SELL,198
2024-07-10,1,BUY,199
2024-07-11,2,SELL,200
2024-07-12,2,SELL,200
2024-07-15,2,SELL,200
2024-07-16,2,SELL,200
2024-07-17,2,SELL,200
2024-07-18,2,SELL,200
2024-07-19,2,SELL,200
2024-07-22,2,SELL,200
2024-07-23,2,SELL,200
2024-07-24,2,SELL,200
2024-07-25,2,SELL,200
2024-07-26,2,SELL,200
2024-07-29,2,SELL,200
2024-07-30,2,SELL,200
2024-07-31,2,SELL,200
2024-08-01,0,HOLD,201
2024-08-02,0,HOLD,201
2024-08-05,2,SELL,202
2024-08-06,2,SELL,202
2024-08-07,2,SELL,202
2024-08-08,2,SELL,202
2024-08-09,2,SELL,202
2024-08-12,2,SELL,202
2024-08-13,2,SELL,202
2024-08-14,2,SELL,202
2024-08-15,2,SELL,202
2024-08-16,0,HOLD,203
2024-08-19,2,SELL,204
2024-08-20,2,SELL,204
2024-08-21,0,HOLD,205
2024-08-22,2,SELL,206
2024-08-23,2,SELL,206
2024-08-26,2,SELL,206
2024-08-27,0,HOLD,207
2024-08-28,0,HOLD,207
2024-08-29,0,HOLD,207
2024-08-30,0,HOLD,207
2024-09-03,0,HOLD,207
2024-09-04,0,HOLD,207
2024-09-05,2,SELL,208
2024-09-06,0,HOLD,209
2024-09-09,0,HOLD,209
2024-09-10,0,HOLD,209
2024-09-11,0,HOLD,209
2024-09-12,0,HOLD,209
2024-09-13,0,HOLD,209
2024-09-16,0,HOLD,209
2024-09-17,0,HOLD,209
2024-09-18,0,HOLD,209
2024-09-19,0,HOLD,209
2024-09-20,0,HOLD,209
2024-09-23,0,HOLD,209
2024-09-24,0,HOLD,209
2024-09-25,0,HOLD,209
2024-09-26,0,HOLD,209
2024-09-27,0,HOLD,209
2024-09-30,0,HOLD,209
2024-10-01,0,HOLD,209
2024-10-02,0,HOLD,209
2024-10-03,0,HOLD,209
2024-10-04,0,HOLD,209
2024-10-07,0,HOLD,209
2024-10-08,0,HOLD,209
2024-10-09,0,HOLD,209
2024-10-10,0,HOLD,209
2024-10-11,0,HOLD,209
2024-10-14,0,HOLD,209
2024-10-15,0,HOLD,209
2024-10-16,0,HOLD,209
2024-10-17,0,HOLD,209
2024-10-18,0,HOLD,209
2024-10-21,0,HOLD,209
2024-10-22,0,HOLD,209
2024-10-23,0,HOLD,209
2024-10-24,2,SELL,210
2024-10-25,0,HOLD,211
2024-10-28,0,HOLD,211
2024-10-29,0,HOLD,211
2024-10-30,0,HOLD,211
2024-10-31,0,HOLD,211
2024-11-01,2,SELL,212
2024-11-04,0,HOLD,213
2024-11-05,0,HOLD,213
2024-11-06,2,SELL,214
2024-11-07,2,SELL,214
2024-11-08,2,SELL,214
2024-11-11,0,HOLD,215
2024-11-12,2,SELL,216
2024-11-13,0,HOLD,217
2024-11-14,0,HOLD,217
2024-11-15,0,HOLD,217
2024-11-18,2,SELL,218
2024-11-19,2,SELL,218
2024-11-20,0,HOLD,219
2024-11-21,0,HOLD,219
2024-11-22,2,SELL,220
2024-11-25,2,SELL,220
2024-11-26,2,SELL,220
2024-11-27,2,SELL,220
2024-11-29,2,SELL,220
2024-12-02,0,HOLD,221
2024-12-03,2,SELL,222
2024-12-04,2,SELL,222
2024-12-05,2,SELL,222
2024-12-06,2,SELL,222
2024-12-09,2,SELL,222
2024-12-10,0,HOLD,223
2024-12-11,2,SELL,224
2024-12-12,2,SELL,224
2024-12-13,2,SELL,224
2024-12-16,2,SELL,224
2024-12-17,0,HOLD,225
2024-12-18,0,HOLD,225
2024-12-19,0,HOLD,225
2024-12-20,2,SELL,226
2024-12-23,0,HOLD,227
2024-12-24,2,SELL,228
2024-12-26,2,SELL,228
2024-12-27,2,SELL,228
2024-12-30,2,SELL,228
2024-12-31,2,SELL,228
2025-01-02,2,SELL,228
2025-01-03,2,SELL,228
2025-01-06,0,HOLD,229
2025-01-07,0,HOLD,229
2025-01-08,0,HOLD,229
2025-01-10,0,HOLD,229
2025-01-13,0,HOLD,229
2025-01-14,0,HOLD,229
2025-01-15,0,HOLD,229
2025-01-16,0,HOLD,229
2025-01-17,0,HOLD,229
2025-01-21,0,HOLD,229
2025-01-22,0,HOLD,229
2025-01-23,0,HOLD,229
2025-01-24,0,HOLD,229
2025-01-27,0,HOLD,229
2025-01-28,0,HOLD,229
2025-01-29,0,HOLD,229
2025-01-30,0,HOLD,229
2025-01-31,0,HOLD,229
2025-02-03,0,HOLD,229
2025-02-04,0,HOLD,229
2025-02-05,0,HOLD,229
2025-02-06,0,HOLD,229
2025-02-07,0,HOLD,229
2025-02-10,0,HOLD,229
2025-02-11,0,HOLD,229
2025-02-12,0,HOLD,229
2025-02-13,0,HOLD,229
2025-02-14,0,HOLD,229
2025-02-18,0,HOLD,229
2025-02-19,0,HOLD,229
2025-02-20,0,HOLD,229
2025-02-21,0,HOLD,229
2025-02-24,0,HOLD,229
2025-02-25,0,HOLD,229
2025-02-26,0,HOLD,229
2025-02-27,0,HOLD,229
2025-02-28,0,HOLD,229
2025-03-03,0,HOLD,229
2025-03-04,0,HOLD,229
2025-03-05,0,HOLD,229
2025-03-06,0,HOLD,229
2025-03-07,0,HOLD,229
2025-03-10,0,HOLD,229
2025-03-11,0,HOLD,229
2025-03-12,2,SELL,230
2025-03-13,0,HOLD,231
2025-03-14,0,HOLD,231
2025-03-17,2,SELL,232
2025-03-18,0,HOLD,233
2025-03-19,0,HOLD,233
2025-03-20,0,HOLD,233
2025-03-21,0,HOLD,233
2025-03-24,0,HOLD,233
2025-03-25,0,HOLD,233
2025-03-26,0,HOLD,233
2025-03-27,0,HOLD,233
2025-03-28,0,HOLD,233
2025-03-31,0,HOLD,233
2025-04-01,0,HOLD,233
2025-04-02,0,HOLD,233
2025-04-03,0,HOLD,233
2025-04-04,0,HOLD,233
2025-04-07,0,HOLD,233
2025-04-08,0,HOLD,233
2025-04-09,0,HOLD,233
2025-04-10,0,HOLD,233
2025-04-11,0,HOLD,233
2025-04-14,0,HOLD,233
2025-04-15,0,HOLD,233
2025-04-16,0,HOLD,233
2025-04-17,0,HOLD,233
2025-04-21,2,SELL,234
2025-04-22,0,HOLD,235
2025-04-23,0,HOLD,235
2025-04-24,0,HOLD,235
2025-04-25,0,HOLD,235
2025-04-28,0,HOLD,235
2025-04-29,2,SELL,236
2025-04-30,2,SELL,236
2025-05-01,0,HOLD,237
2025-05-02,2,SELL,238
2025-05-05,0,HOLD,239
2025-05-06,0,HOLD,239
2025-05-07,2,SELL,240
2025-05-08,0,HOLD,241
2025-05-09,0,HOLD,241
2025-05-12,0,HOLD,241
2025-05-13,2,SELL,242
2025-05-14,2,SELL,242
2025-05-15,2,SELL,242
2025-05-16,2,SELL,242
2025-05-19,2,SELL,242
2025-05-20,2,SELL,242
2025-05-21,2,SELL,242
2025-05-22,2,SELL,242
2025-05-23,2,SELL,242
2025-05-27,0,HOLD,243
2025-05-28,0,HOLD,243
2025-05-29,0,HOLD,243
2025-05-30,2,SELL,244
2025-06-02,2,SELL,244
2025-06-03,2,SELL,244
2025-06-04,0,HOLD,245
2025-06-05,0,HOLD,245
2025-06-06,2,SELL,246
2025-06-09,0,HOLD,247
2025-06-10,2,SELL,248
2025-06-11,2,SELL,248
2025-06-12,0,HOLD,249
2025-06-13,2,SELL,250
2025-06-16,2,SELL,250
2025-06-17,0,HOLD,251
2025-06-18,2,SELL,252
2025-06-20,2,SELL,252
2025-06-23,2,SELL,252
2025-06-24,2,SELL,252
2025-06-25,2,SELL,252
2025-06-26,2,SELL,252
2025-06-27,2,SELL,252
2025-06-30,2,SELL,252
2025-07-01,2,SELL,252
2025-07-02,0,HOLD,253
2025-07-03,2,SELL,254
2025-07-07,2,SELL,254
2025-07-08,2,SELL,254
2025-07-09,0,HOLD,255
2025-07-10,2,SELL,256
2025-07-11,2,SELL,256
2025-07-14,2,SELL,256
2025-07-15,2,SELL,256
2025-07-16,2,SELL,256
2025-07-17,2,SELL,256
2025-07-18,0,HOLD,257
2025-07-21,2,SELL,258
2025-07-22,0,HOLD,259
2025-07-23,0,HOLD,259
2025-07-24,0,HOLD,259
2025-07-25,2,SELL,260
2025-07-28,0,HOLD,261
2025-07-29,0,HOLD,261
2025-07-30,0,HOLD,261
2025-07-31,0,HOLD,261
2025-08-01,0,HOLD,261
2025-08-04,2,SELL,262
2025-08-05,0,HOLD,263
2025-08-06,2,SELL,264
2025-08-07,0,HOLD,265
2025-08-08,0,HOLD,265
2025-08-11,2,SELL,266
2025-08-12,0,HOLD,267
2025-08-13,0,HOLD,267
2025-08-14,0,HOLD,267
2025-08-15,0,HOLD,267
2025-08-18,2,SELL,268
2025-08-19,2,SELL,268
2025-08-20,0,HOLD,269
2025-08-21,0,HOLD,269
2025-08-22,0,HOLD,269
2025-08-25,0,HOLD,269
2025-08-26,0,HOLD,269
2025-08-27,2,SELL,270
2025-08-28,2,SELL,270
2025-08-29,0,HOLD,271
2025-09-02,1,BUY,272
2025-09-03,2,SELL,273
2025-09-04,1,BUY,274
2025-09-05,1,BUY,274
2025-09-08,1,BUY,274
2025-09-09,2,SELL,275
2025-09-10,0,HOLD,276
2025-09-11,2,SELL,277
2025-09-12,2,SELL,277
2025-09-15,0,HOLD,278
2025-09-16,0,HOLD,278
2025-09-17,0,HOLD,278
2025-09-18,0,HOLD,278
2025-09-19,0,HOLD,278
2025-09-22,0,HOLD,278
2025-09-23,0,HOLD,278
2025-09-24,0,HOLD,278
2025-09-25,0,HOLD,278
2025-09-26,0,HOLD,278
2025-09-29,0,HOLD,278
2025-09-30,0,HOLD,278
2025-10-01,0,HOLD,278
2025-10-02,0,HOLD,278
2025-10-03,0,HOLD,278
2025-10-06,0,HOLD,278
2025-10-07,0,HOLD,278
2025-10-08,0,HOLD,278
2025-10-09,0,HOLD,278
2025-10-10,0,HOLD,278
2025-10-13,0,HOLD,278
2025-10-14,0,HOLD,278
2025-10-15,0,HOLD,278
2025-10-16,0,HOLD,278
2025-10-17,0,HOLD,278
2025-10-20,0,HOLD,278
2025-10-21,0,HOLD,278
2025-10-22,0,HOLD,278
2025-10-23,0,HOLD,278
2025-10-24,0,HOLD,278
2025-10-27,0,HOLD,278
2025-10-28,0,HOLD,278
2025-10-29,0,HOLD,278
2025-10-30,0,HOLD,278
2025-10-31,0,HOLD,278
2025-11-03,0,HOLD,278
2025-11-04,0,HOLD,278
2025-11-05,0,HOLD,278
2025-11-06,0,HOLD,278
2025-11-07,0,HOLD,278
2025-11-10,0,HOLD,278
2025-11-11,0,HOLD,278
2025-11-12,0,HOLD,278
2025-11-13,0,HOLD,278
2025-11-14,0,HOLD,278
2025-11-17,0,HOLD,278
2025-11-18,0,HOLD,278
2025-11-19,0,HOLD,278
2025-11-20,0,HOLD,278
2025-11-21,0,HOLD,278
2025-11-24,0,HOLD,278
2025-11-25,0,HOLD,278
2025-11-26,0,HOLD,278
2025-11-28,0,HOLD,278
2025-12-01,0,HOLD,278
2025-12-02,0,HOLD,278
2025-12-03,0,HOLD,278
2025-12-04,0,HOLD,278
2025-12-05,0,HOLD,278
2025-12-08,0,HOLD,278
2025-12-09,0,HOLD,278
2025-12-10,0,HOLD,278
2025-12-11,0,HOLD,278
2025-12-12,0,HOLD,278
2025-12-15,0,HOLD,278
2025-12-16,0,HOLD,278
2025-12-17,0,HOLD,278
2025-12-18,0,HOLD,278
2025-12-19,0,HOLD,278
2025-12-22,0,HOLD,278
2025-12-23,0,HOLD,278
2025-12-24,0,HOLD,278
2025-12-26,0,HOLD,278
2025-12-29,0,HOLD,278
2025-12-30,0,HOLD,278
2025-12-31,0,HOLD,278
2026-01-02,0,HOLD,278
2026-01-05,0,HOLD,278
2026-01-06,0,HOLD,278
2026-01-07,0,HOLD,278
2026-01-08,0,HOLD,278
2026-01-09,0,HOLD,278
2026-01-12,0,HOLD,278
2026-01-13,0,HOLD,278
2026-01-14,0,HOLD,278
2026-01-15,0,HOLD,278
2026-01-16,0,HOLD,278
2026-01-20,0,HOLD,278
2026-01-21,0,HOLD,278
2026-01-22,0,HOLD,278
