price,RSI,100D_MA,MACD,US_10y_yield,US_2y_yield,market_sentiment
564.5173950195312,49.85981885734138,,5.229403286697448,4.296000003814697,3.74,15.6899995803833
561.9038696289062,47.095060636684394,,4.169459353097409,4.329999923706055,3.79,16.600000381469727
570.5725708007812,55.841524820797595,,3.9830240643798334,4.260000228881836,3.68,14.220000267028809
568.9265747070312,54.01546959193674,,3.660261411160832,4.275000095367432,3.73,14.789999961853027
571.2109985351562,56.158247266589015,,3.5479055476498615,4.257999897003174,3.61,14.619999885559082
572.0888671875,56.9877073518725,,3.4894748855685975,4.23799991607666,3.59,14.850000381469727
575.6701049804688,60.28845742970576,,3.6896125681569174,4.206999778747559,3.62,14.430000305175781
569.0064697265625,52.253265929693825,,3.2727966859056323,4.2270002365112305,3.59,15.359999656677246
564.238037109375,47.386242382416256,,2.5285469205381332,4.2769999504089355,3.66,17.170000076293945
568.67724609375,51.879816472488734,,2.2707548362199077,4.210999965667725,3.61,16.350000381469727
573.8245849609375,56.517189645167925,,2.4535173597209905,4.176000118255615,3.59,15.300000190734863
574.652587890625,57.23120181385574,,2.6347985749778218,4.085999965667725,3.51,15.180000305175781
577.4556884765625,59.6469720613834,,2.970410986094521,4.046000003814697,3.49,15.109999656677246
579.0917358398438,61.030522627669434,,3.330015246164521,4.073999881744385,3.54,15.039999961853027
579.28125,61.196489116560876,,3.5889255225719126,4.0320000648498535,3.54,15.350000381469727
582.6530151367188,64.12401032055524,,4.019848735534538,4.011000156402588,3.52,14.710000038146973
585.2266235351562,66.21895218967222,539.0976821899415,4.516958489890158,4.060999870300293,3.56,14.760000228881836
590.2344360351562,69.90191420785038,540.5710598754882,5.254440251964866,4.033999919891357,3.54,15.6899995803833
589.735595703125,69.09382088781462,541.9390084838867,5.732566161554132,4.026000022888184,3.51,16.360000610351562
588.5585327148438,67.12203219216735,543.1677420043945,5.947941081266208,4.076000213623047,3.52,15.720000267028809
593.8655395507812,71.12334636843954,544.3976312255859,6.472250283551148,4.104000091552734,3.57,15.699999809265137
597.8856201171875,73.73133384297842,545.669216003418,7.129966196239252,4.138999938964844,3.57,15.449999809265137
601.4251098632812,75.8033997815663,546.9451068115235,7.846369968589329,4.14300012588501,3.61,16.100000381469727
597.4302978515625,69.17156742546985,548.1816473388672,7.999563191363677,4.119999885559082,3.53,16.639999389648438
595.3329467773438,65.91122147846647,549.3353353881836,7.861113201105468,4.146999835968018,3.57,16.18000030517578
592.7662963867188,62.056411347346746,550.3921118164062,7.4583086111827015,4.171999931335449,3.64,16.739999771118164
595.203125,64.19733852910701,551.5021533203125,7.252116886106819,4.186999797821045,3.63,15.289999961853027
597.9595947265625,66.49995599784836,552.6847985839844,7.227814778994116,4.140999794006348,3.63,16.1200008392334
599.5974731445312,67.82414417738624,553.8649896240235,7.257063374809377,4.1479997634887695,3.6,16.280000686645508
602.4737548828125,70.06214123643846,555.0242211914062,7.426724340683563,4.105999946594238,3.55,16.290000915527344
604.9505615234375,71.87618986342011,556.2114096069336,7.672594580541613,4.0879998207092285,3.55,16.6299991607666
602.4038696289062,67.35681156051129,557.1750390625,7.574636075105445,4.11899995803833,3.58,16.649999618530273
606.9280395507812,70.86192221373616,558.1067858886719,7.772469763188383,4.1620001792907715,3.6,16.3700008392334
603.732177734375,65.51067513131613,558.9757843017578,7.583951969201735,4.126999855041504,3.57,17.239999771118164
610.6532592773438,70.67537611167711,559.9083142089844,7.9019351087458745,4.129000186920166,3.58,16.299999237060547
609.9141845703125,69.4788771186909,560.8109332275391,8.002059129095642,4.1479997634887695,3.6,16.43000030517578
588.741455078125,45.64082057988849,561.4968426513672,6.300319651313885,4.051000118255615,3.52,21.65999984741211
601.2353515625,55.37136972028483,562.325029296875,5.891913573157808,4.051000118255615,3.52,19.030000686645508
597.2305297851562,52.1489647186707,563.1852111816406,5.185320024579028,4.021999835968018,3.48,20.809999465942383
601.445068359375,55.10969557207077,564.0779718017578,4.908831631760336,4.046000003814697,3.5,20.639999389648438
599.2179565429688,53.2352052759566,564.9958923339843,4.4586072288784635,3.9760000705718994,3.41,25.309999465942383
603.1528930664062,56.077828992712675,565.8337884521484,4.368955043545725,4.006999969482422,3.46,20.780000686645508
610.7530517578125,61.00783355752821,566.7707049560547,4.855206531348244,3.9860000610351562,3.46,18.229999542236328
610.5933227539062,60.853239416245195,567.695859375,5.168100892917778,3.9630000591278076,3.45,17.8700008392334
604.7108764648438,55.2959894456396,568.5703601074218,4.885095336696168,3.953000068664551,3.45,18.600000381469727
609.7943725585938,58.79774943413097,569.4548419189454,5.013217790591511,3.990999937057495,3.48,17.299999237060547
616.305908203125,62.81570435558235,570.3636853027343,5.575906684339998,3.996999979019165,3.48,16.3700008392334
627.2818603515625,68.40815956388943,571.3676397705078,6.828791240464625,3.996999979019165,3.48,15.789999961853027
632.1055908203125,70.50748729081351,572.4594903564453,8.11737397863385,3.9830000400543213,3.47,16.420000076293945
634.9519653320312,71.70243281350766,573.528687133789,9.261502877238286,4.058000087738037,3.59,16.920000076293945
625.2444458007812,62.4144315625359,574.4930364990234,9.27796694770052,4.0929999351501465,3.61,16.90999984741211
628.2605590820312,63.975804763813265,575.4525720214843,9.425735960410861,4.10099983215332,3.6,17.440000534057617
631.2666625976562,65.51351835668028,576.4601049804687,9.673896738448434,4.105999946594238,3.6,17.170000076293945
618.4531860351562,54.77981770690208,577.3270477294922,8.735923186472746,4.089000225067139,3.58,19.0
622.47802734375,57.15442085593367,578.3009991455078,8.222558904710354,4.1570000648498535,3.63,18.010000228881836
610.8829345703125,49.1474242862389,579.085961303711,6.801681381178355,4.0929999351501465,3.57,19.5
608.9553833007812,47.944941140975345,579.9035620117188,5.457181438036173,4.0929999351501465,3.55,19.079999923706055
622.4280395507812,56.04075374262233,580.856787109375,5.416349998958594,4.110000133514404,3.58,17.600000381469727
620.7702026367188,54.90909610375327,581.8149560546875,5.190385670366254,4.119999885559082,3.58,17.280000686645508
620.2808227539062,54.558856429211986,582.7142529296875,4.915159545685015,4.065000057220459,3.56,17.510000228881836
607.6171875,46.32451466933552,583.4058123779297,3.633308806142395,4.111999988555908,3.58,20.0
608.0765380859375,46.63911359082161,584.0882000732422,2.624247916704917,4.1479997634887695,3.62,19.829999923706055
602.8832397460938,43.53255807927076,584.6681781005859,1.3894869771672802,4.132999897003174,3.6,22.3799991607666
595.542724609375,39.52509355096178,585.1560955810547,-0.17932108582317596,4.123000144958496,3.58,24.690000534057617
599.09814453125,42.29593060427362,585.6441546630859,-1.1227774253291045,4.132999897003174,3.58,23.65999984741211
584.9163818359375,35.340386990181344,586.0367822265625,-2.980466140803742,4.105999946594238,3.55,26.420000076293945
589.3107299804688,38.70405532243926,586.4353472900391,-4.0514085457764395,4.063000202178955,3.51,23.43000030517578
604.3812866210938,48.582919123260744,586.9305499267579,-3.642086441066681,4.038000106811523,3.46,20.520000457763672
608.1065063476562,50.69809385507306,587.5048016357422,-2.982718700601822,4.001999855041504,3.43,18.559999465942383
613.4796142578125,53.6592431724889,588.1296923828126,-2.003504954406253,3.997999906539917,3.45,17.190000534057617
618.4531860351562,56.27702706699842,588.7653143310547,-0.8167305675486887,4.017000198364258,3.47,16.350000381469727
616.3758544921875,54.882500888799285,589.3881433105469,-0.0433271616999491,4.0960001945495605,3.54,17.239999771118164
621.1996459960938,57.51517300909381,590.0716796875,0.9479133151222641,4.085999965667725,3.51,16.59000015258789
622.7177124023438,58.33906018608874,590.7503454589844,1.8348231078305162,4.057000160217285,3.49,16.079999923706055
622.138427734375,57.87781487569508,591.4181317138672,2.462575044754658,4.107999801635742,3.52,15.779999732971191
624.6751708984375,59.39191364681503,592.1055993652344,3.1287012301359027,4.138999938964844,3.56,15.40999984741211
623.4767456054688,58.325270307758245,592.7360925292969,3.5193393721763186,4.171999931335449,3.57,16.65999984741211
624.2457275390625,58.83612572563671,593.379662475586,3.846631753125166,4.185999870300293,3.61,16.93000030517578
626.8024291992188,60.566878242927785,594.0197705078125,4.263174557207208,4.164000034332275,3.54,15.770000457763672
624.7750854492188,58.467618600840744,594.6687341308593,4.37921714379911,4.140999794006348,3.52,14.850000381469727
612.8304443359375,47.92748723914453,595.1727130126953,3.4673792280318594,4.193999767303467,3.52,15.739999771118164
609.75439453125,45.64539833003363,595.6339611816406,2.468079118973833,4.182000160217285,3.51,16.5
610.9628295898438,46.7187376579685,596.0937268066406,1.7534248032295636,4.14900016784668,3.48,16.479999542236328
599.6373901367188,38.954858220080524,596.4225817871094,0.2700745447392592,4.151000022888184,3.49,17.6200008392334
608.3262329101562,46.324633732261155,596.8471032714843,-0.20204517494028096,4.116000175476074,3.46,16.8700008392334
616.2559814453125,52.0179359569558,597.3433404541015,0.06293549962458656,4.151000022888184,3.48,14.90999984741211
619.2100219726562,53.97638236644125,597.8991448974609,0.5054741841614714,4.169000148773193,3.44,14.079999923706055
622.1099853515625,55.88020716011357,598.5949768066406,1.077768247182462,4.169000148773193,3.44,14.0
623.9299926757812,57.08017464174569,599.2070593261719,1.6590502968126657,4.136000156402588,3.44,13.470000267028809
623.8900146484375,57.04347389620161,599.856947631836,2.0923750195916,4.136000156402588,3.44,13.600000381469727
