entry_day,exit_day,entry_price,exit_price,action,period_return,capital
0,5,105.8907470703125,106.26213836669922,BUY,0.35073064140355087,10035.073064140353
5,10,106.26213836669922,104.8137435913086,BUY,-1.3630393643993595,9898.291068029885
10,15,104.8137435913086,105.82574462890624,BUY,0.9655232252209714,9993.861367191685
15,20,105.82574462890624,104.87310028076172,HOLD,0.0,9993.861367191685
20,25,104.87310028076172,104.17462158203124,HOLD,0.0,9993.861367191685
25,30,104.17462158203124,96.8639678955078,HOLD,0.0,9993.861367191685
30,35,96.8639678955078,93.91175842285156,BUY,-3.047789117869854,9689.269547987416
35,40,93.91175842285156,95.20624542236328,HOLD,0.0,9689.269547987416
40,45,95.20624542236328,97.2364730834961,HOLD,0.0,9689.269547987416
45,50,97.2364730834961,89.98167419433594,HOLD,0.0,9689.269547987416
50,55,89.98167419433594,93.34368896484376,HOLD,0.0,9689.269547987416
55,60,93.34368896484376,94.60092163085938,HOLD,0.0,9689.269547987416
60,65,94.60092163085938,98.52167510986328,SELL,-4.144519325406797,9287.695899080323
65,70,98.52167510986328,96.99435424804688,BUY,-1.5502384222692758,9143.714468709251
70,75,96.99435424804688,99.30396270751952,HOLD,0.0,9143.714468709251
75,80,99.30396270751952,100.99026489257812,HOLD,0.0,9143.714468709251
80,85,100.99026489257812,102.14850616455078,HOLD,0.0,9143.714468709251
85,90,102.14850616455078,103.37210845947266,HOLD,0.0,9143.714468709251
90,95,103.37210845947266,103.5962905883789,HOLD,0.0,9143.714468709251
95,100,103.5962905883789,103.34408569335938,SELL,0.24344973510839468,9165.974817362392
100,105,103.34408569335938,100.48587036132812,SELL,2.7657270494531176,9419.480662232245
105,110,100.48587036132812,98.12272644042967,HOLD,0.0,9419.480662232245
110,115,98.12272644042967,99.3463134765625,HOLD,0.0,9419.480662232245
115,120,99.3463134765625,98.8792953491211,HOLD,0.0,9419.480662232245
120,125,98.8792953491211,102.03639221191406,HOLD,0.0,9419.480662232245
125,130,102.03639221191406,103.28802490234376,HOLD,0.0,9419.480662232245
130,135,103.28802490234376,102.92374420166016,HOLD,0.0,9419.480662232245
135,140,102.92374420166016,100.9155502319336,HOLD,0.0,9419.480662232245
140,145,100.9155502319336,101.86799621582033,SELL,-0.9438049752468595,9330.57913509968
145,150,101.86799621582033,100.71604919433594,HOLD,0.0,9330.57913509968
150,155,100.71604919433594,103.30093383789062,SELL,-2.566507189501687,9091.109150775203
155,160,103.30093383789062,104.70573425292967,HOLD,0.0,9091.109150775203
160,165,104.70573425292967,106.4383316040039,HOLD,0.0,9091.109150775203
165,170,106.4383316040039,107.91807556152344,HOLD,0.0,9091.109150775203
170,175,107.91807556152344,109.3697280883789,HOLD,0.0,9091.109150775203
175,180,109.3697280883789,109.7630844116211,SELL,-0.3596574025715107,9058.412303738583
180,185,109.7630844116211,109.81928253173828,HOLD,0.0,9058.412303738583
185,190,109.81928253173828,109.3697280883789,HOLD,0.0,9058.412303738583
190,195,109.3697280883789,109.68817138671876,HOLD,0.0,9058.412303738583
195,200,109.68817138671876,108.94830322265624,HOLD,0.0,9058.412303738583
200,205,108.94830322265624,109.64374542236328,SELL,-0.6383231120963667,9000.59036441484
205,210,109.64374542236328,110.16951751708984,SELL,-0.4795276672656646,8957.430043400223
210,215,110.16951751708984,111.30558013916016,SELL,-1.0311950598259476,8865.061467305315
215,220,111.30558013916016,111.93463897705078,SELL,-0.5651637924209569,8814.959349716244
220,225,111.93463897705078,109.68131256103516,SELL,2.0130733762205724,8992.410949510047
225,230,109.68131256103516,112.26323699951172,HOLD,0.0,8992.410949510047
230,235,112.26323699951172,109.84089660644533,HOLD,0.0,8992.410949510047
235,240,109.84089660644533,109.239990234375,HOLD,0.0,8992.410949510047
240,245,109.239990234375,107.62513732910156,HOLD,0.0,8992.410949510047
245,250,107.62513732910156,111.29615783691406,HOLD,0.0,8992.410949510047
250,255,111.29615783691406,111.67174530029295,HOLD,0.0,8992.410949510047
255,260,111.67174530029295,109.73765563964844,HOLD,0.0,8992.410949510047
260,265,109.73765563964844,113.09886169433594,HOLD,0.0,8992.410949510047
265,270,113.09886169433594,113.51808166503906,SELL,-0.37066683468143147,8959.079064481952
270,275,113.51808166503906,112.88713836669922,BUY,-0.5558086333784124,8909.283729570363
275,280,112.88713836669922,113.81939697265624,HOLD,0.0,8909.283729570363
280,285,113.81939697265624,115.58033752441406,BUY,1.5471357243096902,9047.122440930656
285,290,115.58033752441406,116.06056213378906,BUY,0.41548988319363755,9084.712319392864
290,295,116.06056213378906,118.46183776855467,BUY,2.0689850114611157,9272.673655615463
295,300,118.46183776855467,118.34881591796876,BUY,-0.09540781463033353,9263.826800322837
300,305,118.34881591796876,119.94966888427734,BUY,1.352656512776757,9389.134556869763
305,310,119.94966888427734,122.23790740966795,BUY,1.9076655622936416,9568.24784340858
310,315,122.23790740966795,122.81231689453124,BUY,0.4699110914408949,9613.210101281313
315,320,122.81231689453124,123.10423278808594,BUY,0.23769268501415314,9636.059998487099
320,325,123.10423278808594,123.93292999267578,BUY,0.6731671087349039,9700.926784974876
325,330,123.93292999267578,124.37943267822266,BUY,0.36027768049481484,9735.877058982285
330,335,124.37943267822266,123.4640884399414,BUY,-0.7359289382267103,9664.227922315058
335,340,123.4640884399414,124.84178924560548,BUY,1.1158716863116465,9772.068305400795
340,345,124.84178924560548,124.5776138305664,BUY,-0.2116081615262302,9751.389811316649
345,350,124.5776138305664,123.87928771972656,BUY,-0.5605550542889771,9696.727902865892
350,355,123.87928771972656,127.51224517822266,BUY,2.93265930517421,9981.099896006714
355,360,127.51224517822266,129.68255615234375,BUY,1.7020412205021336,10150.982330496243
360,365,129.68255615234375,130.5224609375,HOLD,0.0,10150.982330496243
365,370,130.5224609375,131.7491455078125,BUY,0.93982641876473,10246.383944202387
370,375,131.7491455078125,131.29615783691406,BUY,-0.3438258890806818,10211.154223507612
375,380,131.29615783691406,133.32505798339844,BUY,1.5452852390429566,10368.945682459387
380,385,133.32505798339844,135.33497619628906,BUY,1.507532224843209,10525.260879998952
385,390,135.33497619628906,131.871826171875,HOLD,0.0,10525.260879998952
390,395,131.871826171875,133.16783142089844,BUY,0.9827764478928883,10628.700665006865
395,400,133.16783142089844,132.486572265625,BUY,-0.5115793716879026,10574.326424926236
400,405,132.486572265625,128.9572296142578,BUY,-2.66392479706633,10292.634321169888
405,410,128.9572296142578,133.4232940673828,BUY,3.4632137077417657,10649.090243868377
410,415,133.4232940673828,136.41329956054688,HOLD,0.0,10649.090243868377
415,420,136.41329956054688,136.21458435058594,BUY,-0.14567143423778706,10633.577561376858
420,425,136.21458435058594,135.67527770996094,BUY,-0.39592430076132307,10591.476643771064
425,430,135.67527770996094,133.44219970703125,BUY,-1.645898973358608,10417.15163842772
430,435,133.44219970703125,133.72605895996094,BUY,0.21272075366929863,10439.311081903857
435,440,133.72605895996094,134.61549377441406,BUY,0.6651170470218012,10508.744719501236
440,445,134.61549377441406,138.33404541015625,BUY,2.762350403716278,10799.033071685892
445,450,138.33404541015625,136.4511260986328,HOLD,0.0,10799.033071685892
450,455,136.4511260986328,138.2015838623047,BUY,1.282845963767692,10937.568031571951
455,460,138.2015838623047,136.85409545898438,BUY,-0.9750166138926921,10830.92492610831
460,465,136.85409545898438,137.9256591796875,BUY,0.7829971891665283,10915.730763840475
465,470,137.9256591796875,140.02134704589844,BUY,1.5194329167430016,11081.587970169308
470,475,140.02134704589844,140.66615295410156,BUY,0.4605054313552349,11132.619284652346
475,480,140.66615295410156,141.01699829101562,BUY,0.2494170271568748,11160.38593271682
480,485,141.01699829101562,143.41615295410156,BUY,1.701323026416164,11350.260148427042
485,490,143.41615295410156,145.34107971191406,BUY,1.3421966202290667,11502.602956526436
490,495,145.34107971191406,145.72988891601562,BUY,0.2675150101211823,11533.374145989788
495,500,145.72988891601562,145.98593139648438,BUY,0.1756966140393531,11553.637893848783
500,505,145.98593139648438,148.11001586914062,BUY,1.4549925820505483,11721.742468161265
505,510,148.11001586914062,144.81005859375,BUY,-2.2280446437236425,11460.576812948317
510,515,144.81005859375,147.83505249023438,BUY,2.088939073611378,11699.98128005524
515,520,147.83505249023438,150.74789428710938,BUY,1.9703323046930399,11930.509790859207
520,525,150.74789428710938,148.73333740234375,BUY,-1.336374809275125,11771.073463396062
525,530,148.73333740234375,152.06874084472656,BUY,2.242539232048627,12035.044403845983
530,535,152.06874084472656,154.11172485351562,BUY,1.3434608568733402,12196.730514518978
535,540,154.11172485351562,157.57073974609375,BUY,2.244485223863366,12470.484328711791
540,545,157.57073974609375,159.97488403320312,BUY,1.5257555374705758,12660.753433906513
545,550,159.97488403320312,159.60421752929688,BUY,-0.23170293646177445,12631.418096421967
550,555,159.60421752929688,145.8161163330078,BUY,-8.63893286138139,11540.198367631694
555,560,145.8161163330078,157.45668029785156,BUY,7.983043478033383,12461.45742077103
560,565,157.45668029785156,159.8037872314453,HOLD,0.0,12461.45742077103
565,570,159.8037872314453,157.73226928710938,HOLD,0.0,12461.45742077103
570,575,157.73226928710938,164.54554748535156,BUY,4.319520811458331,12999.732667472252
575,580,164.54554748535156,162.51197814941406,HOLD,0.0,12999.732667472252
580,585,162.51197814941406,150.8687286376953,BUY,-7.164548511626576,12068.360514129434
585,590,150.8687286376953,148.01336669921875,BUY,-1.8926135086175415,11839.953092770354
590,595,148.01336669921875,150.12631225585938,BUY,1.4275369878819044,12008.972802517517
595,600,150.12631225585938,154.7615966796875,BUY,3.0875896131573777,12379.760599414943
600,605,154.7615966796875,154.08578491210938,BUY,-0.4366792421874938,12325.700754644791
605,610,154.08578491210938,153.1815643310547,BUY,-0.5868293311874652,12253.36992734214
610,615,153.1815643310547,158.22605895996094,BUY,3.2931473515991336,12656.891454586053
615,620,158.22605895996094,161.56690979003906,BUY,2.1114415994672067,12924.134325957593
620,625,161.56690979003906,160.28192138671875,BUY,-0.7953289476107408,12821.344944435155
625,630,160.28192138671875,160.82447814941406,BUY,0.338501534047788,12864.745393757628
630,635,160.82447814941406,166.41151428222656,BUY,3.473996121176194,13311.666149735962
635,640,166.41151428222656,167.3538055419922,BUY,0.5662416232614413,13387.04234422537
640,645,167.3538055419922,167.87413024902344,BUY,0.31091298183876126,13428.66439675782
645,650,167.87413024902344,164.12557983398438,BUY,-2.232952992506044,13128.808633256824
650,655,164.12557983398438,162.91421508789062,BUY,-0.73807187601047,13031.90858907952
655,660,162.91421508789062,168.2747344970703,BUY,3.290393908406176,13460.709715443652
660,665,168.2747344970703,171.62265014648438,BUY,1.98955336903078,13728.517719082714
665,670,171.62265014648438,174.3792266845703,BUY,1.6061845774628978,13949.02305340088
670,675,174.3792266845703,168.94241333007812,BUY,-3.1178102219289494,13514.118986782722
675,680,168.94241333007812,173.6162109375,BUY,2.7665033991732155,13887.987547920378
680,685,173.6162109375,170.9550018310547,BUY,-1.5328114189770674,13675.110888919742
685,690,170.9550018310547,172.7004852294922,BUY,1.0210192037331929,13814.736397227422
690,695,172.7004852294922,178.11827087402344,BUY,3.13709926022029,14248.118390546228
695,700,178.11827087402344,173.41587829589844,BUY,-2.6400394272021823,13871.962447401364
700,705,173.41587829589844,176.0102996826172,BUY,1.496069109826209,14079.496592503627
705,710,176.0102996826172,176.19154357910156,BUY,0.10297346053679533,14093.99473737109
710,715,176.19154357910156,177.5692596435547,BUY,0.781942218375876,14204.201632478269
715,720,177.5692596435547,174.27261352539062,BUY,-1.8565410053415867,13940.494804689912
720,725,174.27261352539062,162.0607147216797,BUY,-7.007353913316808,12963.634996457748
725,730,162.0607147216797,165.4815673828125,BUY,2.1108463374407096,13237.27741097966
730,735,165.4815673828125,163.45582580566406,BUY,-1.224149377593361,13075.233361942845
735,740,163.45582580566406,164.411376953125,BUY,0.5845928970418048,13151.670247448403
740,745,164.411376953125,166.70468139648438,BUY,1.3948575128187233,13335.117307956081
745,750,166.70468139648438,160.61782836914062,BUY,-3.651279002097727,12848.21496978558
750,755,160.61782836914062,152.13262939453125,BUY,-5.282850017812611,12169.46304296566
755,760,152.13262939453125,161.84095764160156,BUY,6.381489813006085,12946.056087350054
760,765,161.84095764160156,155.8209991455078,BUY,-3.719675528258433,12464.504807194282
765,770,155.8209991455078,150.4317169189453,BUY,-3.4586366767741703,12033.40287235438
770,775,150.4317169189453,137.5132598876953,BUY,-8.58758863877798,11000.023734429693
775,780,137.5132598876953,148.41848754882812,BUY,7.9303098988700595,11872.359705519228
780,785,148.41848754882812,154.11065673828125,BUY,3.8352157358970933,12327.690313167606
785,790,154.11065673828125,155.57687377929688,BUY,0.9514053551180637,12444.976618969453
790,795,155.57687377929688,156.39137268066406,BUY,0.5235346884027537,12510.130388533371
795,800,156.39137268066406,161.1444549560547,HOLD,0.0,12510.130388533371
800,805,161.1444549560547,161.2115020751953,HOLD,0.0,12510.130388533371
805,810,161.2115020751953,164.07681274414062,HOLD,0.0,12510.130388533371
810,815,164.07681274414062,165.67715454101562,BUY,0.9753613384546623,12632.149363733393
815,820,165.67715454101562,167.1145477294922,BUY,0.8675868392710211,12741.744229130201
820,825,167.1145477294922,164.02890014648438,BUY,-1.84642667256147,12506.477265133979
825,830,164.02890014648438,170.90931701660156,BUY,4.194636959689848,13031.078582852497
830,835,170.90931701660156,171.42201232910156,BUY,0.29998090300144287,13070.169330056166
835,840,171.42201232910156,172.4780731201172,BUY,0.6160590327152181,13150.689288805152
840,845,172.4780731201172,177.2781524658203,BUY,2.7830084478971733,13516.67408266931
845,850,177.2781524658203,178.40135192871094,BUY,0.6335803071431381,13602.313067837822
850,855,178.40135192871094,180.4078063964844,BUY,1.1246856854398972,13755.296335800516
855,860,180.4078063964844,183.38389587402344,BUY,1.6496456206548216,13982.209979412142
860,865,183.38389587402344,182.3470458984375,BUY,-0.5653985976490581,13903.154760268199
865,870,182.3470458984375,171.44119262695312,BUY,-5.980822567072815,13071.63174283102
870,875,171.44119262695312,172.75643920898438,BUY,0.7671706909395785,13171.913470389574
875,880,172.75643920898438,170.3948211669922,BUY,-1.3670217172833283,12991.850552667582
880,885,170.3948211669922,167.9179229736328,BUY,-1.453622930788453,12802.99803390024
885,890,167.9179229736328,176.06849670410156,BUY,4.853903375012915,13424.443187570561
890,895,176.06849670410156,178.95822143554688,BUY,1.6412503006155308,13644.771901742524
895,900,178.95822143554688,177.92984008789062,BUY,-0.5746488422867061,13566.362377976498
900,905,177.92984008789062,182.81756591796875,HOLD,0.0,13566.362377976498
905,910,182.81756591796875,185.2710876464844,SELL,-1.3420601659342528,13384.293632535384
910,915,185.2710876464844,184.92466735839844,SELL,0.18698022043621298,13409.319614273329
915,920,184.92466735839844,187.7630615234375,SELL,-1.5348921296357037,13203.501022876151
920,925,187.7630615234375,183.8663024902344,SELL,2.0753597654332476,13477.521170733491
925,930,183.8663024902344,177.27565002441406,SELL,3.5844808845113896,13960.62034080441
930,935,177.27565002441406,175.84197998046875,SELL,0.8087236141838263,14073.523174187045
935,940,175.84197998046875,181.48980712890625,SELL,-3.2118764524062,13621.4989973314
940,945,181.48980712890625,178.08380126953125,HOLD,0.0,13621.4989973314
945,950,178.08380126953125,184.52061462402344,HOLD,0.0,13621.4989973314
950,955,184.52061462402344,185.9156494140625,SELL,-0.756031944117228,13518.516113643967
955,960,185.9156494140625,185.5404357910156,BUY,-0.20181927892000392,13491.233141902727
960,965,185.5404357910156,182.57888793945312,SELL,1.596173814584669,13706.576672578349
965,970,182.57888793945312,179.3877716064453,SELL,1.7478013854844223,13946.14040956416
970,975,179.3877716064453,181.9040069580078,SELL,-1.4026794184627092,13750.520768369292
975,980,181.9040069580078,186.59913635253903,HOLD,0.0,13750.520768369292
980,985,186.59913635253903,187.1197204589844,SELL,-0.27898527111177907,13712.158840724376
985,990,187.1197204589844,190.0023498535156,HOLD,0.0,13712.158840724376
990,995,190.0023498535156,193.23207092285156,SELL,-1.6998321714578557,13479.07515334834
995,1000,193.23207092285156,194.1960906982422,SELL,-0.498892223628609,13411.829095591229
1000,1005,194.1960906982422,194.4564666748047,SELL,-0.13407889707063853,13393.846663062863
1005,1010,194.4564666748047,197.73435974121097,HOLD,0.0,13393.846663062863
1010,1015,197.73435974121097,197.6379241943359,HOLD,0.0,13393.846663062863
1015,1020,197.6379241943359,199.7492523193359,HOLD,0.0,13393.846663062863
1020,1025,199.7492523193359,204.1069793701172,HOLD,0.0,13393.846663062863
1025,1030,204.1069793701172,205.0325164794922,SELL,-0.453456864743796,13333.111345915946
1030,1035,205.0325164794922,208.2402801513672,HOLD,0.0,13333.111345915946
1035,1040,208.2402801513672,212.6363525390625,HOLD,0.0,13333.111345915946
1040,1045,212.6363525390625,216.29818725585935,SELL,-1.7221113290702008,13103.500324910383
1045,1050,216.29818725585935,214.307861328125,BUY,-0.9201768877424701,12982.924943435297
1050,1055,214.307861328125,220.50099182128903,SELL,-2.8898288913824692,12607.740627473402
1055,1060,220.50099182128903,226.3464813232422,SELL,-2.651003722781795,12273.50895408041
1060,1065,226.3464813232422,226.83917236328125,BUY,0.2176711726017324,12300.224844940136
1065,1070,226.83917236328125,198.68478393554688,BUY,-12.411607807599179,10773.569177733292
1070,1075,198.68478393554688,204.4335021972656,BUY,2.893386271383318,11085.290149259812
1075,1080,204.4335021972656,171.3226318359375,BUY,-16.196401277408125,9289.872073920698
1080,1085,171.3226318359375,171.65110778808594,BUY,0.19172945724006482,9307.683495226323
1085,1090,171.65110778808594,185.8045959472656,BUY,8.245497708440674,10075.14832453412
1090,1095,185.8045959472656,180.1016845703125,HOLD,0.0,10075.14832453412
1095,1100,180.1016845703125,194.47998046875,BUY,7.983432210943119,10879.490961175272
1100,1105,194.47998046875,208.45166015625,BUY,7.1841223213949466,11661.08689977121
1105,1110,208.45166015625,207.04766845703125,BUY,-0.6735334696621529,11582.545576574861
1110,1115,207.04766845703125,205.982666015625,BUY,-0.5143754814255591,11522.96780200402
1115,1120,205.982666015625,217.7176818847656,BUY,5.6970890299334345,12179.441536574754
1120,1125,217.7176818847656,216.17819213867188,SELL,0.7071036825151152,12265.56281618965
1125,1130,216.17819213867188,222.365234375,HOLD,0.0,12265.56281618965
1130,1135,222.365234375,226.62545776367188,BUY,1.9158675593538923,12500.5547551572
1135,1140,226.62545776367188,233.87754821777344,BUY,3.2000334497566207,12900.576688727371
1140,1145,233.87754821777344,231.16647338867188,BUY,-1.1591855865434182,12751.035063170662
1145,1150,231.16647338867188,239.3181915283203,BUY,3.5263410044511696,13200.680041095196
1150,1155,239.3181915283203,235.5354461669922,HOLD,0.0,13200.680041095196
1155,1160,235.5354461669922,248.8912353515625,BUY,5.670394584728957,13949.210687292854
1160,1165,248.8912353515625,252.53814697265625,BUY,1.4652631764804551,14153.603334903433
1165,1170,252.53814697265625,256.05889892578125,BUY,1.3941465855082131,14350.925312523364
1170,1175,256.05889892578125,249.0852508544922,BUY,-2.72345468192862,13960.084365199367
1175,1180,249.0852508544922,262.24713134765625,BUY,5.2840866522654215,14697.74731978586
1180,1185,262.24713134765625,257.2132263183594,BUY,-1.919527204522027,14415.620061530662
1185,1190,257.2132263183594,269.60882568359375,BUY,4.819192054257748,15110.336478107933
1190,1195,269.60882568359375,277.26141357421875,BUY,2.8384040734652687,15539.228884216856
1195,1200,277.26141357421875,290.8984680175781,HOLD,0.0,15539.228884216856
1200,1205,290.8984680175781,269.5215759277344,BUY,-7.348574997841517,14397.316995573929
1205,1210,269.5215759277344,266.3498229980469,BUY,-1.1768085426073378,14227.888139263758
1210,1215,266.3498229980469,256.21417236328125,BUY,-3.805390415010694,13686.461447753773
1215,1220,256.21417236328125,269.4826354980469,BUY,5.178660888419756,14395.236873757247
1220,1225,269.4826354980469,271.5001220703125,BUY,0.7486517892097159,14503.007072173607
1225,1230,271.5001220703125,283.27496337890625,BUY,4.336956174754252,15131.996132915285
1230,1235,283.27496337890625,275.6417236328125,BUY,-2.69463974332373,14724.243351159539
1235,1240,275.6417236328125,263.46917724609375,BUY,-4.416075413508162,14074.009660703872
1240,1245,263.46917724609375,278.27984619140625,BUY,5.621404788264312,14865.166713671462
1245,1250,278.27984619140625,281.0441589355469,BUY,0.9933571481993984,15012.830909813474
1250,1255,281.0441589355469,281.3835754394531,BUY,0.12076981254183972,15030.961877560478
1255,1260,281.3835754394531,287.3680725097656,BUY,2.1268110837550354,15350.642040767427
1260,1265,287.3680725097656,295.1273498535156,BUY,2.7001181014937963,15765.127505205704
1265,1270,295.1273498535156,293.42034912109375,BUY,-0.5783946263432151,15673.942854879439
1270,1275,293.42034912109375,301.64520263671875,BUY,2.803095811269254,16113.2984905053
1275,1280,301.64520263671875,300.7928771972656,BUY,-0.2825589241940004,16067.76892763836
1280,1285,300.7928771972656,300.5498046875,HOLD,0.0,16067.76892763836
1285,1290,300.5498046875,305.51519775390625,BUY,1.652103241780201,16333.225058973627
1290,1295,305.51519775390625,307.4487609863281,BUY,0.6328861040750478,16436.595770719177
1295,1300,307.4487609863281,319.2838134765625,HOLD,0.0,16436.595770719177
1300,1305,319.2838134765625,318.39959716796875,BUY,-0.2769374053027769,16391.076688871643
1305,1310,318.39959716796875,324.0644836425781,HOLD,0.0,16391.076688871643
1310,1315,324.0644836425781,324.4725341796875,HOLD,0.0,16391.076688871643
1315,1320,324.4725341796875,314.95013427734375,BUY,-2.9347321881704795,15910.042485295618
1320,1325,314.95013427734375,300.4040832519531,BUY,-4.618525106765452,15175.233178615192
1325,1330,300.4040832519531,302.0754089355469,BUY,0.5563591764470078,15259.661980951649
1330,1335,302.0754089355469,312.7833251953125,BUY,3.5447825089431055,15800.583809776263
1335,1340,312.7833251953125,303.4200439453125,BUY,-2.993535938705572,15327.587654905316
1340,1345,303.4200439453125,310.4833984375,BUY,2.3279129487769032,15684.400552658986
1345,1350,310.4833984375,326.0012512207031,BUY,4.997965386006574,16468.301463283504
1350,1355,326.0012512207031,332.35430908203125,BUY,1.9487832753829215,16789.232967939613
1355,1360,332.35430908203125,326.1180419921875,HOLD,0.0,16789.232967939613
1360,1365,326.1180419921875,331.0019836425781,HOLD,0.0,16789.232967939613
1365,1370,331.0019836425781,322.52783203125,HOLD,0.0,16789.232967939613
1370,1375,322.52783203125,310.68768310546875,BUY,-3.671047193419899,16172.892302273338
1375,1380,310.68768310546875,319.9205627441406,BUY,2.97175592749121,16653.511187912918
1380,1385,319.9205627441406,323.8608093261719,BUY,1.231632799165366,16858.621293915927
1385,1390,323.8608093261719,326.507080078125,SELL,-0.8171012594759407,16720.86928699306
1390,1395,326.507080078125,331.9942932128906,BUY,1.6805801373289277,17001.876895019
1395,1400,331.9942932128906,333.3467102050781,HOLD,0.0,17001.876895019
1400,1405,333.3467102050781,340.3859558105469,BUY,2.111688938264349,17360.903648708438
1405,1410,340.3859558105469,349.32769775390625,BUY,2.6269420905062835,17816.9645339486
1410,1415,349.32769775390625,353.0094909667969,HOLD,0.0,17816.9645339486
1415,1420,353.0094909667969,345.4606628417969,BUY,-2.138420727535063,17435.962871337073
1420,1425,345.4606628417969,358.9219055175781,BUY,3.89660650942067,18115.373735561767
1425,1430,358.9219055175781,355.1329040527344,BUY,-1.0556618045866761,17924.136654277314
1430,1435,355.1329040527344,359.1556396484375,BUY,1.1327408837075206,18127.170678211918
1435,1440,359.1556396484375,359.3992004394531,BUY,0.06781483126759098,18139.463588420935
1440,1445,359.3992004394531,363.5388793945313,BUY,1.1518331009129723,18348.399934360423
1445,1450,363.5388793945313,370.3863525390625,HOLD,0.0,18348.399934360423
1450,1455,370.3863525390625,372.1882019042969,BUY,0.4864783361704301,18437.660925074997
1455,1460,372.1882019042969,365.5160217285156,BUY,-1.7926898654076386,18107.130846252952
1460,1465,365.5160217285156,357.0379638671875,BUY,-2.3194763997582415,17687.14021960077
1465,1470,357.0379638671875,350.914306640625,BUY,-1.7151277584700781,17383.78316801487
1470,1475,350.914306640625,348.4862976074219,BUY,-0.6919093884905851,17263.50314020053
1475,1480,348.4862976074219,348.2523193359375,BUY,-0.06714131175050018,17251.91219773811
1480,1485,348.2523193359375,366.1260681152344,BUY,5.132413421791219,18137.35165489046
1485,1490,366.1260681152344,369.6852416992187,HOLD,0.0,18137.35165489046
1490,1495,369.6852416992187,379.36810302734375,BUY,2.619217711699504,18612.408381868572
1495,1500,379.36810302734375,385.4820861816406,BUY,1.611622881709746,18912.37021418803
1500,1505,385.4820861816406,387.52984619140625,HOLD,0.0,18912.37021418803
1505,1510,387.52984619140625,387.58831787109375,HOLD,0.0,18912.37021418803
1510,1515,387.58831787109375,377.4862060546875,SELL,2.606402554105376,19405.302714492493
1515,1520,377.4862060546875,389.6654052734375,BUY,3.226395832060037,20031.39459247151
1520,1525,389.6654052734375,387.1690368652344,HOLD,0.0,20031.39459247151
1525,1530,387.1690368652344,384.6369323730469,BUY,-0.6540049051156107,19900.388289273684
1530,1535,384.6369323730469,390.885498046875,BUY,1.6245360619109357,20223.677273493235
1535,1540,390.885498046875,374.9415893554687,BUY,-4.078920494894982,19398.769556363302
1540,1545,374.9415893554687,368.7319641113281,BUY,-1.6561580311256012,19077.495276416044
1545,1550,368.7319641113281,343.3758850097656,SELL,6.87656117979155,20389.370910670634
1550,1555,343.3758850097656,343.4832763671875,BUY,0.031275159995239846,20395.747719044968
1555,1560,343.4832763671875,349.5464782714844,BUY,1.765210221709672,20755.77554257567
1560,1565,349.5464782714844,338.8553466796875,SELL,3.058572251868986,21390.6059339811
1565,1570,338.8553466796875,333.43658447265625,BUY,-1.5991372897395912,21048.540777989558
1570,1575,333.43658447265625,338.6015319824219,BUY,1.549004443508862,21374.583609934394
1575,1580,338.6015319824219,317.18017578125,BUY,-6.326420343037296,20022.33760419599
1580,1585,317.18017578125,310.6483459472656,BUY,-2.0593436578738733,19610.008864585885
1585,1590,310.6483459472656,342.2264709472656,BUY,10.165231977562362,21603.411756491583
1590,1595,342.2264709472656,356.7238464355469,BUY,4.236193491448293,22518.57407925086
1595,1600,356.7238464355469,361.015380859375,BUY,1.2030410825376436,22789.48177662592
1600,1605,361.015380859375,333.2426452636719,BUY,-7.6929507905153045,21036.298158136633
1605,1610,333.2426452636719,338.49224853515625,SELL,-1.5753095667965085,20704.911340751667
1610,1615,338.49224853515625,310.0255432128906,HOLD,0.0,20704.911340751667
1615,1620,310.0255432128906,311.66778564453125,BUY,0.5297119761880129,20814.587735782738
1620,1625,311.66778564453125,294.012939453125,BUY,-5.664636194239934,19635.517065219763
1625,1630,294.012939453125,299.3015441894531,BUY,1.7987659815806496,19988.7140664964
1630,1635,299.3015441894531,280.7962341308594,BUY,-6.182831468079624,18752.8455631286
1635,1640,280.7962341308594,299.1353454589844,BUY,6.531110142872654,19977.61456177934
1640,1645,299.1353454589844,300.7386474609375,BUY,0.5359787889635931,20084.69033837138
1645,1650,300.7386474609375,276.455810546875,BUY,-8.074398524791052,18462.97239798107
1650,1655,276.455810546875,278.9951171875,SELL,-0.9185217107941535,18293.38598804768
1655,1660,278.9951171875,274.5190734863281,BUY,-1.6043448166025531,17999.89699816734
1660,1665,274.5190734863281,289.2793273925781,BUY,5.376768076184369,18967.70971371087
1665,1670,289.2793273925781,285.87091064453125,SELL,1.178244148577318,19191.1956435318
1670,1675,285.87091064453125,295.7828369140625,SELL,-3.46727347920206,18525.78440664184
1675,1680,295.7828369140625,308.9759216308594,SELL,-4.460395624858392,17699.46112949729
1680,1685,308.9759216308594,315.13665771484375,HOLD,0.0,17699.46112949729
1685,1690,315.13665771484375,323.5990905761719,BUY,2.6853216387747207,18174.748589154202
1690,1695,323.5990905761719,316.2238464355469,BUY,-2.2791300579656433,17760.522431099103
1695,1700,316.2238464355469,301.1208190917969,BUY,-4.776055795282446,16912.26997025616
1700,1705,301.1208190917969,289.10302734375,SELL,3.991019878430672,17587.24202666294
1705,1710,289.10302734375,304.3529357910156,BUY,5.274904447518338,18514.9522385232
1710,1715,304.3529357910156,285.5799560546875,BUY,-6.168161213078824,17372.920135926543
1715,1720,285.5799560546875,269.2134094238281,BUY,-5.7309857655854675,16377.28055587006
1720,1725,269.2134094238281,268.3892822265625,BUY,-0.306124126219948,16327.145748869812
1725,1730,268.3892822265625,261.4031066894531,BUY,-2.6030009392148346,15902.149991679755
1730,1735,261.4031066894531,264.287841796875,BUY,1.1035580808337295,16077.639452939238
1735,1740,264.287841796875,273.2168273925781,BUY,3.378507893134834,16620.82377088655
1740,1745,273.2168273925781,272.7261962890625,BUY,-0.17957572679469336,16590.976805800714
1745,1750,272.7261962890625,262.5609130859375,BUY,-3.7272852191840116,15972.583779599858
1750,1755,262.5609130859375,280.075439453125,BUY,6.670652596890882,17038.05935428431
1755,1760,280.075439453125,276.5921630859375,BUY,-1.2436921902145157,16826.15834073096
1760,1765,276.5921630859375,275.29693603515625,BUY,-0.4682804589726649,16747.364729225515
1765,1770,275.29693603515625,276.38604736328125,BUY,0.3956133125963731,16813.6195336034
1770,1775,276.38604736328125,283.22503662109375,BUY,2.4744336130771996,17229.661386917796
1775,1780,283.22503662109375,265.107421875,BUY,-6.396897309022857,16127.497641304302
1780,1785,265.107421875,255.82264709472656,BUY,-3.5022688971157034,15562.669307529834
1785,1790,255.82264709472656,257.2783508300781,BUY,0.5690284858996637,15651.225329056042
1790,1795,257.2783508300781,274.46099853515625,BUY,6.678621675566696,16696.511456374163
1795,1800,274.46099853515625,278.0312805175781,BUY,1.3008339988111466,16913.705354014077
1800,1805,278.0312805175781,291.38800048828125,BUY,4.80403497974706,17726.245675592265
1805,1810,291.38800048828125,301.1448974609375,BUY,3.348420990674475,18319.795006652323
1810,1815,301.1448974609375,294.7714538574219,BUY,-2.1164043147509566,17932.074074678003
1815,1820,294.7714538574219,296.2073974609375,HOLD,0.0,17932.074074678003
1820,1825,296.2073974609375,289.1061706542969,HOLD,0.0,17932.074074678003
1825,1830,289.1061706542969,295.0861511230469,BUY,2.0684375069602554,18302.98782061454
1830,1835,295.0861511230469,285.9096374511719,BUY,-3.1097744292474503,17733.806185580794
1835,1840,285.9096374511719,301.4042053222656,BUY,5.41939334722144,18694.870898211302
1840,1845,301.4042053222656,304.1525573730469,BUY,0.9118492715928344,18865.33994232186
1845,1850,304.1525573730469,315.3725891113281,BUY,3.688948676015814,19561.272650350027
1850,1855,315.3725891113281,311.1170654296875,HOLD,0.0,19561.272650350027
1855,1860,311.1170654296875,314.1017761230469,HOLD,0.0,19561.272650350027
1860,1865,314.1017761230469,305.36419677734375,BUY,-2.781766933492362,19017.123635992306
1865,1870,305.36419677734375,314.61407470703125,BUY,3.0291298152520634,19593.1769980535
1870,1875,314.61407470703125,316.84039306640625,BUY,0.7076346986218428,19731.825117054123
1875,1880,316.84039306640625,322.27801513671875,BUY,1.7162022864846131,20070.46315087815
1880,1885,322.27801513671875,328.385498046875,BUY,1.8950975937856935,20450.818015112087
1885,1890,328.385498046875,342.7971496582031,BUY,4.388638261142382,21348.330439239893
1890,1895,342.7971496582031,343.61474609375,BUY,0.23850736109156268,21399.247778807632
1895,1900,343.61474609375,360.43988037109375,BUY,4.8965111272475115,22447.064327444215
1900,1905,360.43988037109375,361.20062255859375,BUY,0.21105938297304166,22494.44096290928
1905,1910,361.20062255859375,358.8726806640625,BUY,-0.644501074788046,22349.464049135768
1910,1915,358.8726806640625,361.2696838378906,BUY,0.667925786212726,22498.74188260029
1915,1920,361.2696838378906,373.9255981445313,BUY,3.50317640057494,23286.912498657814
1920,1925,373.9255981445313,370.53228759765625,BUY,-0.9074828157561601,23075.587769412323
1925,1930,370.53228759765625,378.2757263183594,BUY,2.089814836625348,23557.82482625601
1930,1935,378.2757263183594,366.990966796875,BUY,-2.9832100598458826,22855.045426158267
1935,1940,366.990966796875,361.2696838378906,BUY,-1.5589710583124612,22498.741882600294
1940,1945,361.2696838378906,353.2698059082031,BUY,-2.2143784235372532,22000.534596784655
1945,1950,353.2698059082031,359.079833984375,BUY,1.6446432667052238,22362.364907669824
1950,1955,359.079833984375,372.4656677246094,BUY,3.727815508797647,23195.99261483186
1955,1960,372.4656677246094,371.8540954589844,BUY,-0.16419560743976525,23157.905813856254
1960,1965,371.8540954589844,366.1590270996094,BUY,-1.5315330472145272,22803.23483327423
1965,1970,366.1590270996094,355.2431640625,BUY,-2.981180915728138,22123.429148255986
1970,1975,355.2431640625,356.87310791015625,BUY,0.4588248311428406,22224.936934688474
1975,1980,356.87310791015625,362.1087646484375,BUY,1.4670919781378822,22550.99720160349
1980,1985,362.1087646484375,364.9241638183594,BUY,0.7775009734037444,22726.33142435821
1985,1990,364.9241638183594,351.35107421875,BUY,-3.719427471611709,21881.042010071105
1990,1995,351.35107421875,344.95953369140625,BUY,-1.8191322003371473,21482.996929096604
1995,2000,344.95953369140625,364.7265930175781,BUY,5.73025453584219,22714.027335061
2000,2005,364.7265930175781,372.6294250488281,BUY,2.1667825112135763,23206.190906949374
2005,2010,372.6294250488281,385.99517822265625,BUY,3.586875398279865,24038.568059468602
2010,2015,385.99517822265625,385.4518432617187,BUY,-0.14076211092568136,24004.730863631787
2015,2020,385.4518432617187,382.5870971679687,BUY,-0.7432176402396551,23826.32346936122
2020,2025,382.5870971679687,393.8288879394531,BUY,2.9383611874785482,24526.426910588023
2025,2030,393.8288879394531,404.9988403320313,BUY,2.836245063438678,25222.056483077467
2030,2035,404.9988403320313,407.5292663574219,BUY,0.6247983385127824,25379.643472922493
2035,2040,407.5292663574219,392.45611572265625,BUY,-3.6986670354972198,24440.93496606279
2040,2045,392.45611572265625,405.4000549316406,BUY,3.2981876674669257,25247.04286892708
2045,2050,405.4000549316406,417.1158447265625,BUY,2.8899329569398837,25976.66548144895
2050,2055,417.1158447265625,419.7204895019531,BUY,0.624441580994863,26138.874582071054
2055,2060,419.7204895019531,424.8703002929687,BUY,1.2269619710789945,26459.588632861098
2060,2065,424.8703002929687,432.8327026367187,BUY,1.8740783571502968,26955.46205682055
2065,2070,432.8327026367187,426.4152526855469,HOLD,0.0,26955.46205682055
2070,2075,426.4152526855469,432.3374938964844,BUY,1.3888436620499507,27329.831283172978
2075,2080,432.3374938964844,439.73541259765625,BUY,1.7111443734609741,27797.484153451373
2080,2085,439.73541259765625,433.1694641113281,BUY,-1.4931589083401289,27382.42354251968
2085,2090,433.1694641113281,433.83148193359375,BUY,0.15283113818371113,27424.272412082
2090,2095,433.83148193359375,441.05078125,BUY,1.664079168305103,27880.6340163507
2095,2100,441.05078125,437.4311828613281,BUY,-0.8206761086361583,27651.824314042227
2100,2105,437.4311828613281,438.5418395996094,BUY,0.25390433553827,27722.033494831005
2105,2110,438.5418395996094,427.5046691894531,BUY,-2.5167884597358454,27024.328555028995
2110,2115,427.5046691894531,421.5249938964844,BUY,-1.3987391773535915,26646.32868411305
2115,2120,421.5249938964844,421.0489501953125,BUY,-0.11293368318956172,26616.236003695285
2120,2125,421.0489501953125,436.6477966308594,BUY,3.7047584202053034,27602.3032481839
2125,2130,436.6477966308594,442.2109680175781,BUY,1.2740637716813756,27953.974194018643
2130,2135,442.2109680175781,451.9986572265625,BUY,2.2133528828699944,28572.69428771869
2135,2140,451.9986572265625,452.63336181640625,BUY,0.1404217865907524,28612.816575514615
2140,2145,452.63336181640625,459.6642150878906,BUY,1.5533219299765573,29057.265730166047
2145,2150,459.6642150878906,470.1956481933594,BUY,2.2911144178267335,29723.000934736105
2150,2155,470.1956481933594,477.4546203613281,BUY,1.5438195134004367,30181.870423134755
2155,2160,477.4546203613281,478.3525085449219,BUY,0.1880572823683738,30238.629628420444
2160,2165,478.3525085449219,492.8041076660156,BUY,3.0211191251099305,31152.174651295813
2165,2170,492.8041076660156,491.47320556640625,HOLD,0.0,31152.174651295813
2170,2175,491.47320556640625,472.025634765625,BUY,-3.956995128222419,29919.484618008697
2175,2180,472.025634765625,459.8385925292969,BUY,-2.5818602505305375,29147.005337492734
2180,2185,459.8385925292969,445.71478271484375,BUY,-3.071471173562554,28251.763470594906
2185,2190,445.71478271484375,447.3635864257813,BUY,0.36992349701634575,28356.273381994117
2190,2195,447.3635864257813,471.8170471191406,BUY,5.466126755807428,29906.263228277196
2195,2200,471.8170471191406,476.75341796875,BUY,1.0462468195564945,30219.15655615124
2200,2205,476.75341796875,473.0486145019531,BUY,-0.7770900694496364,29984.32649148195
2205,2210,473.0486145019531,451.38616943359375,BUY,-4.579327452669229,28611.245996959544
2210,2215,451.38616943359375,470.0391540527344,BUY,4.132378411714891,29793.570949860543
2215,2220,470.0391540527344,480.4470825195313,BUY,2.2142684023359576,30453.28057733085
2220,2225,480.4470825195313,485.4500427246094,BUY,1.0413134738672674,30770.3946912172
2225,2230,485.4500427246094,479.5121154785156,HOLD,0.0,30770.3946912172
2230,2235,479.5121154785156,494.8294067382813,HOLD,0.0,30770.3946912172
2235,2240,494.8294067382813,492.7606201171875,HOLD,0.0,30770.3946912172
2240,2245,492.7606201171875,492.7406921386719,HOLD,0.0,30770.3946912172
2245,2250,492.7406921386719,483.401123046875,BUY,-1.8954328799717728,30187.16251294278
2250,2255,483.401123046875,511.0817565917969,BUY,5.726224500772976,31915.747208847068
2255,2260,511.0817565917969,497.3359069824219,HOLD,0.0,31915.747208847068
2260,2265,497.3359069824219,503.8706359863281,BUY,1.3139467535243172,32335.10313316074
2265,2270,503.8706359863281,514.095458984375,BUY,2.029255580260548,32991.26501787341
2270,2275,514.095458984375,517.805419921875,BUY,0.7216482605835967,33229.34590801942
2275,2280,517.805419921875,532.9237670898438,BUY,2.9196965860747004,34199.54198607081
2280,2285,532.9237670898438,527.9652099609375,HOLD,0.0,34199.54198607081
2285,2290,527.9652099609375,508.3094482421875,BUY,-3.722927448231725,32926.31785030185
2290,2295,508.3094482421875,505.2809143066406,BUY,-0.595805162784208,32730.14114863501
2295,2300,505.2809143066406,519.776123046875,BUY,2.8687425805752174,33669.084644448274
2300,2305,519.776123046875,512.2744750976562,BUY,-1.4432459700620432,33183.15693716049
2305,2310,512.2744750976562,516.1597290039062,BUY,0.7584320701337587,33434.82864125473
2310,2315,516.1597290039062,527.2578125,BUY,2.1501257987543934,34153.71951763967
2315,2320,527.2578125,537.3397216796875,BUY,1.912140311754508,34806.786556500025
2320,2325,537.3397216796875,511.3878479003906,BUY,-4.829695764566424,33125.72466039907
2325,2330,511.3878479003906,493.6846923828125,BUY,-3.461786507102607,31978.982793725416
2330,2335,493.6846923828125,469.8248596191406,BUY,-4.833010448128399,30433.435214099485
2335,2340,469.8248596191406,472.7537841796875,BUY,0.6234077445201989,30623.159606147714
2340,2345,472.7537841796875,492.3356628417969,BUY,4.142088189962867,31891.597883587438
2345,2350,492.3356628417969,471.62298583984375,BUY,-4.207023493361838,30549.910868216426
2350,2355,471.62298583984375,415.1120300292969,BUY,-11.982231042008026,26889.34996485921
2355,2360,415.1120300292969,456.9464721679687,BUY,10.077867927778271,29599.223140955815
2360,2365,456.9464721679687,453.5242919921875,BUY,-0.7489236451579904,29377.54756007012
2365,2370,453.5242919921875,474.38665771484375,BUY,4.600054747015763,30728.930831163943
2370,2375,474.38665771484375,482.1988220214844,BUY,1.6467925856668078,31234.97258574623
2375,2380,482.1988220214844,517.4982299804688,HOLD,0.0,31234.97258574623
2380,2385,517.4982299804688,511.8710021972656,HOLD,0.0,31234.97258574623
2385,2390,511.8710021972656,518.745361328125,HOLD,0.0,31234.97258574623
2390,2395,518.745361328125,523.59423828125,HOLD,0.0,31234.97258574623
2395,2400,523.59423828125,532.4440307617188,HOLD,0.0,31234.97258574623
2400,2405,532.4440307617188,525.629638671875,HOLD,0.0,31234.97258574623
2405,2410,525.629638671875,547.4553833007812,HOLD,0.0,31234.97258574623
2410,2415,547.4553833007812,551.3908081054688,HOLD,0.0,31234.97258574623
2415,2420,551.3908081054688,555.5659790039062,BUY,0.7572071998775292,31471.486047045273
2420,2425,555.5659790039062,563.5167236328125,HOLD,0.0,31471.486047045273
2425,2430,563.5167236328125,567.4821166992188,HOLD,0.0,31471.486047045273
2430,2435,567.4821166992188,563.44677734375,HOLD,0.0,31471.486047045273
2435,2440,563.44677734375,572.1866455078125,BUY,1.5511435179849196,31959.653962877543
2440,2445,572.1866455078125,576.4417114257812,BUY,0.7436499875302757,32197.3219255872
2445,2450,576.4417114257812,569.6596069335938,HOLD,0.0,32197.3219255872
2450,2455,569.6596069335938,564.9650268554688,BUY,-0.8241026783337047,31931.98293324671
2455,2460,564.9650268554688,579.8378295898438,BUY,2.6325174174329575,32772.59794569615
2460,2465,579.8378295898438,590.4954223632812,BUY,1.838029916222661,33374.968100261416
2465,2470,590.4954223632812,598.2000122070312,HOLD,0.0,33374.968100261416
2470,2475,598.2000122070312,600.3699951171875,HOLD,0.0,33374.968100261416
2475,2480,600.3699951171875,604.510009765625,HOLD,0.0,33374.968100261416
2480,2485,604.510009765625,598.0,HOLD,0.0,33374.968100261416
2485,2490,598.0,611.3800048828125,BUY,2.2374590105037626,34121.719331273474
2490,2495,611.3800048828125,632.9199829101562,HOLD,0.0,34121.719331273474
2495,2500,632.9199829101562,619.25,HOLD,0.0,34121.719331273474
2500,2505,619.25,621.5700073242188,HOLD,0.0,34121.719331273474
2505,2510,621.5700073242188,596.3099975585938,SELL,4.0639042212423,35508.393323537544
